{
  "dataset_revision": "27d0b84029e5de607fc7a8e2fb2a315e9b71f570",
  "evaluation_time": 0.5686168670654297,
  "kg_co2_emissions": null,
  "mteb_version": "1.12.49",
  "scores": {
    "train": [
      {
        "hf_subset": "default",
        "languages": [
          "eng-Latn"
        ],
        "main_score": 0.86756,
        "map_at_1": 0.74,
        "map_at_10": 0.82801,
        "map_at_100": 0.82819,
        "map_at_1000": 0.82819,
        "map_at_20": 0.82801,
        "map_at_3": 0.81167,
        "map_at_5": 0.82267,
        "mrr_at_1": 0.73,
        "mrr_at_10": 0.8221785714285714,
        "mrr_at_100": 0.8223571428571428,
        "mrr_at_1000": 0.8223571428571428,
        "mrr_at_20": 0.8221785714285714,
        "mrr_at_3": 0.8033333333333332,
        "mrr_at_5": 0.8168333333333334,
        "nauc_map_at_1000_diff1": 0.805110694180118,
        "nauc_map_at_1000_max": 0.4146434712229656,
        "nauc_map_at_1000_std": -0.4398938247647881,
        "nauc_map_at_100_diff1": 0.805110694180118,
        "nauc_map_at_100_max": 0.4146434712229656,
        "nauc_map_at_100_std": -0.4398938247647881,
        "nauc_map_at_10_diff1": 0.8051841353698794,
        "nauc_map_at_10_max": 0.4149954865831025,
        "nauc_map_at_10_std": -0.4387561634267956,
        "nauc_map_at_1_diff1": 0.839564494546044,
        "nauc_map_at_1_max": 0.33258991930578585,
        "nauc_map_at_1_std": -0.4550910344268278,
        "nauc_map_at_20_diff1": 0.8051841353698794,
        "nauc_map_at_20_max": 0.4149954865831025,
        "nauc_map_at_20_std": -0.4387561634267956,
        "nauc_map_at_3_diff1": 0.7944126462516247,
        "nauc_map_at_3_max": 0.44686642351581707,
        "nauc_map_at_3_std": -0.43726978910876696,
        "nauc_map_at_5_diff1": 0.7987042355114871,
        "nauc_map_at_5_max": 0.42283176180382875,
        "nauc_map_at_5_std": -0.44063128619837844,
        "nauc_mrr_at_1000_diff1": 0.812850582596143,
        "nauc_mrr_at_1000_max": 0.3823908758108039,
        "nauc_mrr_at_1000_std": -0.5287278922535061,
        "nauc_mrr_at_100_diff1": 0.812850582596143,
        "nauc_mrr_at_100_max": 0.3823908758108039,
        "nauc_mrr_at_100_std": -0.5287278922535061,
        "nauc_mrr_at_10_diff1": 0.8129134196760716,
        "nauc_mrr_at_10_max": 0.3827692886091893,
        "nauc_mrr_at_10_std": -0.5275220683995798,
        "nauc_mrr_at_1_diff1": 0.8506359472370205,
        "nauc_mrr_at_1_max": 0.301499931195817,
        "nauc_mrr_at_1_std": -0.56906957085848,
        "nauc_mrr_at_20_diff1": 0.8129134196760716,
        "nauc_mrr_at_20_max": 0.3827692886091893,
        "nauc_mrr_at_20_std": -0.5275220683995798,
        "nauc_mrr_at_3_diff1": 0.8020452281634275,
        "nauc_mrr_at_3_max": 0.4134910243974582,
        "nauc_mrr_at_3_std": -0.5276662563451224,
        "nauc_mrr_at_5_diff1": 0.8063537348782083,
        "nauc_mrr_at_5_max": 0.39144004718017666,
        "nauc_mrr_at_5_std": -0.5264848514444246,
        "nauc_ndcg_at_1000_diff1": 0.802911504303651,
        "nauc_ndcg_at_1000_max": 0.4229909556128708,
        "nauc_ndcg_at_1000_std": -0.4329078633665329,
        "nauc_ndcg_at_100_diff1": 0.802911504303651,
        "nauc_ndcg_at_100_max": 0.4229909556128708,
        "nauc_ndcg_at_100_std": -0.4329078633665329,
        "nauc_ndcg_at_10_diff1": 0.8038549440472997,
        "nauc_ndcg_at_10_max": 0.42724451324341295,
        "nauc_ndcg_at_10_std": -0.4188768137305312,
        "nauc_ndcg_at_1_diff1": 0.839564494546044,
        "nauc_ndcg_at_1_max": 0.33258991930578585,
        "nauc_ndcg_at_1_std": -0.4550910344268278,
        "nauc_ndcg_at_20_diff1": 0.8038549440472997,
        "nauc_ndcg_at_20_max": 0.42724451324341295,
        "nauc_ndcg_at_20_std": -0.4188768137305312,
        "nauc_ndcg_at_3_diff1": 0.7792860670548682,
        "nauc_ndcg_at_3_max": 0.49484269896549016,
        "nauc_ndcg_at_3_std": -0.41843599372606977,
        "nauc_ndcg_at_5_diff1": 0.7868893644617286,
        "nauc_ndcg_at_5_max": 0.4481108834585631,
        "nauc_ndcg_at_5_std": -0.4314300416995381,
        "nauc_precision_at_1000_diff1": NaN,
        "nauc_precision_at_1000_max": NaN,
        "nauc_precision_at_1000_std": NaN,
        "nauc_precision_at_100_diff1": NaN,
        "nauc_precision_at_100_max": NaN,
        "nauc_precision_at_100_std": NaN,
        "nauc_precision_at_10_diff1": 0.8692810457516413,
        "nauc_precision_at_10_max": 0.7222222222222276,
        "nauc_precision_at_10_std": 0.5541549953314738,
        "nauc_precision_at_1_diff1": 0.839564494546044,
        "nauc_precision_at_1_max": 0.33258991930578585,
        "nauc_precision_at_1_std": -0.4550910344268278,
        "nauc_precision_at_20_diff1": 0.8692810457516413,
        "nauc_precision_at_20_max": 0.7222222222222276,
        "nauc_precision_at_20_std": 0.5541549953314738,
        "nauc_precision_at_3_diff1": 0.7070961718020538,
        "nauc_precision_at_3_max": 0.730438842203547,
        "nauc_precision_at_3_std": -0.31974789915966545,
        "nauc_precision_at_5_diff1": 0.6873015873015875,
        "nauc_precision_at_5_max": 0.6536881419234374,
        "nauc_precision_at_5_std": -0.3573295985060568,
        "nauc_recall_at_1000_diff1": NaN,
        "nauc_recall_at_1000_max": NaN,
        "nauc_recall_at_1000_std": NaN,
        "nauc_recall_at_100_diff1": NaN,
        "nauc_recall_at_100_max": NaN,
        "nauc_recall_at_100_std": NaN,
        "nauc_recall_at_10_diff1": 0.8692810457516276,
        "nauc_recall_at_10_max": 0.7222222222222201,
        "nauc_recall_at_10_std": 0.554154995331463,
        "nauc_recall_at_1_diff1": 0.839564494546044,
        "nauc_recall_at_1_max": 0.33258991930578585,
        "nauc_recall_at_1_std": -0.4550910344268278,
        "nauc_recall_at_20_diff1": 0.8692810457516276,
        "nauc_recall_at_20_max": 0.7222222222222201,
        "nauc_recall_at_20_std": 0.554154995331463,
        "nauc_recall_at_3_diff1": 0.7070961718020544,
        "nauc_recall_at_3_max": 0.730438842203547,
        "nauc_recall_at_3_std": -0.3197478991596635,
        "nauc_recall_at_5_diff1": 0.6873015873015852,
        "nauc_recall_at_5_max": 0.6536881419234363,
        "nauc_recall_at_5_std": -0.35732959850606716,
        "ndcg_at_1": 0.74,
        "ndcg_at_10": 0.86756,
        "ndcg_at_100": 0.86928,
        "ndcg_at_1000": 0.86928,
        "ndcg_at_20": 0.86756,
        "ndcg_at_3": 0.8344,
        "ndcg_at_5": 0.85462,
        "precision_at_1": 0.74,
        "precision_at_10": 0.099,
        "precision_at_100": 0.01,
        "precision_at_1000": 0.001,
        "precision_at_20": 0.0495,
        "precision_at_3": 0.3,
        "precision_at_5": 0.19,
        "recall_at_1": 0.74,
        "recall_at_10": 0.99,
        "recall_at_100": 1.0,
        "recall_at_1000": 1.0,
        "recall_at_20": 0.99,
        "recall_at_3": 0.9,
        "recall_at_5": 0.95
      }
    ]
  },
  "task_name": "Apple10KRetrieval"
}