{
  "dataset_revision": "4738010357e3dda4b337abbde86d5b36c3118c8f",
  "evaluation_time": 1.387861967086792,
  "kg_co2_emissions": null,
  "mteb_version": "1.12.49",
  "scores": {
    "train": [
      {
        "hf_subset": "default",
        "languages": [
          "eng-Latn"
        ],
        "main_score": 0.77163,
        "map_at_1": 0.49333,
        "map_at_10": 0.69915,
        "map_at_100": 0.70062,
        "map_at_1000": 0.70062,
        "map_at_20": 0.70053,
        "map_at_3": 0.6613,
        "map_at_5": 0.68191,
        "mrr_at_1": 0.5733333333333334,
        "mrr_at_10": 0.7189206349206348,
        "mrr_at_100": 0.7199182048887931,
        "mrr_at_1000": 0.7199182048887931,
        "mrr_at_20": 0.7198256122962006,
        "mrr_at_3": 0.6944444444444445,
        "mrr_at_5": 0.7077777777777778,
        "nauc_map_at_1000_diff1": 0.38917105155942466,
        "nauc_map_at_1000_max": 0.19727539414435372,
        "nauc_map_at_1000_std": -0.02486491388869924,
        "nauc_map_at_100_diff1": 0.38917105155942466,
        "nauc_map_at_100_max": 0.19727539414435372,
        "nauc_map_at_100_std": -0.02486491388869924,
        "nauc_map_at_10_diff1": 0.3876499571012852,
        "nauc_map_at_10_max": 0.19892850596701286,
        "nauc_map_at_10_std": -0.024595534557969957,
        "nauc_map_at_1_diff1": 0.43094777386320055,
        "nauc_map_at_1_max": 0.17656669283145607,
        "nauc_map_at_1_std": 0.007475219510414137,
        "nauc_map_at_20_diff1": 0.38930402017265825,
        "nauc_map_at_20_max": 0.19759587696216438,
        "nauc_map_at_20_std": -0.024455742931334894,
        "nauc_map_at_3_diff1": 0.36469984033250075,
        "nauc_map_at_3_max": 0.20830482916372262,
        "nauc_map_at_3_std": -0.013692266225522571,
        "nauc_map_at_5_diff1": 0.37546738203136903,
        "nauc_map_at_5_max": 0.215688715562203,
        "nauc_map_at_5_std": -0.028507519598791182,
        "nauc_mrr_at_1000_diff1": 0.4643472551757636,
        "nauc_mrr_at_1000_max": 0.12072402052466306,
        "nauc_mrr_at_1000_std": -0.05406896714418573,
        "nauc_mrr_at_100_diff1": 0.4643472551757636,
        "nauc_mrr_at_100_max": 0.12072402052466306,
        "nauc_mrr_at_100_std": -0.05406896714418573,
        "nauc_mrr_at_10_diff1": 0.4644455080212749,
        "nauc_mrr_at_10_max": 0.12292484036880048,
        "nauc_mrr_at_10_std": -0.055823423538672506,
        "nauc_mrr_at_1_diff1": 0.5033801302118341,
        "nauc_mrr_at_1_max": 0.07419001709270406,
        "nauc_mrr_at_1_std": -0.0827843822619984,
        "nauc_mrr_at_20_diff1": 0.46445348182321433,
        "nauc_mrr_at_20_max": 0.12108622140268398,
        "nauc_mrr_at_20_std": -0.05363476364687021,
        "nauc_mrr_at_3_diff1": 0.4454122833592762,
        "nauc_mrr_at_3_max": 0.1380650418394739,
        "nauc_mrr_at_3_std": -0.05486246774547408,
        "nauc_mrr_at_5_diff1": 0.45241161502703425,
        "nauc_mrr_at_5_max": 0.12997714077817774,
        "nauc_mrr_at_5_std": -0.054006500522715425,
        "nauc_ndcg_at_1000_diff1": 0.4012475273517631,
        "nauc_ndcg_at_1000_max": 0.19679004473698136,
        "nauc_ndcg_at_1000_std": -0.021580447607619874,
        "nauc_ndcg_at_100_diff1": 0.4012475273517631,
        "nauc_ndcg_at_100_max": 0.19679004473698136,
        "nauc_ndcg_at_100_std": -0.021580447607619874,
        "nauc_ndcg_at_10_diff1": 0.39832381542980166,
        "nauc_ndcg_at_10_max": 0.20858021217295553,
        "nauc_ndcg_at_10_std": -0.01927729433577201,
        "nauc_ndcg_at_1_diff1": 0.45715211563577074,
        "nauc_ndcg_at_1_max": 0.15287174602551146,
        "nauc_ndcg_at_1_std": -0.09769533666545549,
        "nauc_ndcg_at_20_diff1": 0.4031881659568255,
        "nauc_ndcg_at_20_max": 0.2016463161878587,
        "nauc_ndcg_at_20_std": -0.015403890743521477,
        "nauc_ndcg_at_3_diff1": 0.35804240918906427,
        "nauc_ndcg_at_3_max": 0.2342830014251517,
        "nauc_ndcg_at_3_std": -0.006673065674586844,
        "nauc_ndcg_at_5_diff1": 0.36650988508397797,
        "nauc_ndcg_at_5_max": 0.23717459920232237,
        "nauc_ndcg_at_5_std": -0.024172872494399755,
        "nauc_precision_at_1000_diff1": -0.06523031203566126,
        "nauc_precision_at_1000_max": -0.13782886111353926,
        "nauc_precision_at_1000_std": -0.13698103312647503,
        "nauc_precision_at_100_diff1": -0.06523031203566126,
        "nauc_precision_at_100_max": -0.13782886111353942,
        "nauc_precision_at_100_std": -0.1369810331264752,
        "nauc_precision_at_10_diff1": -0.04441230805239554,
        "nauc_precision_at_10_max": -0.08973576641115437,
        "nauc_precision_at_10_std": -0.11361793545043417,
        "nauc_precision_at_1_diff1": 0.45715211563577074,
        "nauc_precision_at_1_max": 0.15287174602551146,
        "nauc_precision_at_1_std": -0.09769533666545549,
        "nauc_precision_at_20_diff1": -0.05075845974329057,
        "nauc_precision_at_20_max": -0.11691777060882656,
        "nauc_precision_at_20_std": -0.11608552405793135,
        "nauc_precision_at_3_diff1": 0.03901772015041027,
        "nauc_precision_at_3_max": 0.07446597079235832,
        "nauc_precision_at_3_std": -0.08831455850670522,
        "nauc_precision_at_5_diff1": 0.0013985257529633035,
        "nauc_precision_at_5_max": 0.04106720650275895,
        "nauc_precision_at_5_std": -0.12819304291387829,
        "nauc_recall_at_1000_diff1": 0.3692810457516396,
        "nauc_recall_at_1000_max": 0.04355075363479982,
        "nauc_recall_at_1000_std": 0.585567560357474,
        "nauc_recall_at_100_diff1": 0.3692810457516396,
        "nauc_recall_at_100_max": 0.04355075363479982,
        "nauc_recall_at_100_std": 0.585567560357474,
        "nauc_recall_at_10_diff1": 0.3680805655595568,
        "nauc_recall_at_10_max": 0.409777244231025,
        "nauc_recall_at_10_std": 0.3149793250633541,
        "nauc_recall_at_1_diff1": 0.43094777386320055,
        "nauc_recall_at_1_max": 0.17656669283145607,
        "nauc_recall_at_1_std": 0.007475219510414137,
        "nauc_recall_at_20_diff1": 0.47516339869280655,
        "nauc_recall_at_20_max": 0.3304855275443495,
        "nauc_recall_at_20_std": 0.7098972922502299,
        "nauc_recall_at_3_diff1": 0.2370561667368231,
        "nauc_recall_at_3_max": 0.3279360402279891,
        "nauc_recall_at_3_std": 0.0795287773467275,
        "nauc_recall_at_5_diff1": 0.22011341698841633,
        "nauc_recall_at_5_max": 0.377863577863578,
        "nauc_recall_at_5_std": 0.06986003861003795,
        "ndcg_at_1": 0.59333,
        "ndcg_at_10": 0.77163,
        "ndcg_at_100": 0.7771,
        "ndcg_at_1000": 0.7771,
        "ndcg_at_20": 0.77602,
        "ndcg_at_3": 0.7082,
        "ndcg_at_5": 0.73796,
        "precision_at_1": 0.59333,
        "precision_at_10": 0.12133,
        "precision_at_100": 0.0124,
        "precision_at_1000": 0.00124,
        "precision_at_20": 0.06167,
        "precision_at_3": 0.33111,
        "precision_at_5": 0.21867,
        "recall_at_1": 0.49333,
        "recall_at_10": 0.96111,
        "recall_at_100": 0.98444,
        "recall_at_1000": 0.98444,
        "recall_at_20": 0.97778,
        "recall_at_3": 0.80222,
        "recall_at_5": 0.86667
      }
    ]
  },
  "task_name": "FinanceBenchRetrieval"
}