{
  "dataset_revision": "00506d0f1853ebe9fcc5112fb36a4cc4cc521695",
  "evaluation_time": 0.8256144523620605,
  "kg_co2_emissions": null,
  "mteb_version": "1.12.49",
  "scores": {
    "test": [
      {
        "cosine_pearson": 0.5257190134352604,
        "cosine_spearman": 0.5167614198759192,
        "euclidean_pearson": 0.5176972947356425,
        "euclidean_spearman": 0.5167613714287813,
        "hf_subset": "default",
        "languages": [
          "eng-Latn"
        ],
        "main_score": 0.5167614198759192,
        "manhattan_pearson": 0.5181214387100793,
        "manhattan_spearman": 0.5173676181711295,
        "pearson": [
          0.525719146207469,
          8.331088387221734e-30
        ],
        "spearman": [
          0.5167613472052175,
          1.0869497030905579e-28
        ]
      }
    ]
  },
  "task_name": "FINAL"
}