{
  "dataset_revision": "70435b4984c687051ecf38b9d2686f33345dcced",
  "evaluation_time": 18.740813493728638,
  "kg_co2_emissions": null,
  "mteb_version": "1.12.49",
  "scores": {
    "test": [
      {
        "hf_subset": "default",
        "languages": [
          "eng-Latn"
        ],
        "main_score": 0.9925833333333333,
        "map": 0.9925833333333333,
        "mrr": 0.9925833333333333,
        "nAUC_map_diff1": 1.0,
        "nAUC_map_max": 0.9735624586913275,
        "nAUC_map_std": 0.8552859345985414,
        "nAUC_mrr_diff1": 1.0,
        "nAUC_mrr_max": 0.9735624586913275,
        "nAUC_mrr_std": 0.8552859345985414
      }
    ]
  },
  "task_name": "FinFactReranking"
}