{
  "dataset_revision": "1d4500eefb223c2977187649928561e14108042a",
  "evaluation_time": 68.99185729026794,
  "kg_co2_emissions": null,
  "mteb_version": "1.12.49",
  "scores": {
    "train": [
      {
        "hf_subset": "default",
        "languages": [
          "eng-Latn"
        ],
        "main_score": 0.15773,
        "map_at_1": 0.05567,
        "map_at_10": 0.1193,
        "map_at_100": 0.12946,
        "map_at_1000": 0.13053,
        "map_at_20": 0.1247,
        "map_at_3": 0.09687,
        "map_at_5": 0.10894,
        "mrr_at_1": 0.05289216278227267,
        "mrr_at_10": 0.11725943688267079,
        "mrr_at_100": 0.12736717327832447,
        "mrr_at_1000": 0.1284427197559431,
        "mrr_at_20": 0.12259326288026214,
        "mrr_at_3": 0.09376886849414322,
        "mrr_at_5": 0.10693153000845308,
        "nauc_map_at_1000_diff1": -0.0156844353599001,
        "nauc_map_at_1000_max": 0.24917628989429574,
        "nauc_map_at_1000_std": 0.06682027552926105,
        "nauc_map_at_100_diff1": -0.01587021646794546,
        "nauc_map_at_100_max": 0.24924722353395493,
        "nauc_map_at_100_std": 0.06660856176678748,
        "nauc_map_at_10_diff1": -0.014562012685959611,
        "nauc_map_at_10_max": 0.24710984428030638,
        "nauc_map_at_10_std": 0.05862188592607287,
        "nauc_map_at_1_diff1": -0.010791121942597572,
        "nauc_map_at_1_max": 0.22041951122520687,
        "nauc_map_at_1_std": 0.026407922771599677,
        "nauc_map_at_20_diff1": -0.015385389152247847,
        "nauc_map_at_20_max": 0.24822031784687654,
        "nauc_map_at_20_std": 0.06372590951769957,
        "nauc_map_at_3_diff1": -0.0186684560121086,
        "nauc_map_at_3_max": 0.24275717672336908,
        "nauc_map_at_3_std": 0.037654212260846816,
        "nauc_map_at_5_diff1": -0.012532303793749327,
        "nauc_map_at_5_max": 0.24536153860459273,
        "nauc_map_at_5_std": 0.05012077177417804,
        "nauc_mrr_at_1000_diff1": -0.009390557920019589,
        "nauc_mrr_at_1000_max": 0.26443737934700007,
        "nauc_mrr_at_1000_std": 0.07440259309473407,
        "nauc_mrr_at_100_diff1": -0.009601602632943039,
        "nauc_mrr_at_100_max": 0.26444632824512904,
        "nauc_mrr_at_100_std": 0.07413593291386976,
        "nauc_mrr_at_10_diff1": -0.008405038420877796,
        "nauc_mrr_at_10_max": 0.2626879260267988,
        "nauc_mrr_at_10_std": 0.06586151813860051,
        "nauc_mrr_at_1_diff1": 0.0034367414800430297,
        "nauc_mrr_at_1_max": 0.26606998961338624,
        "nauc_mrr_at_1_std": 0.03726618391759449,
        "nauc_mrr_at_20_diff1": -0.00883683069969654,
        "nauc_mrr_at_20_max": 0.2630947582967874,
        "nauc_mrr_at_20_std": 0.07106219321402439,
        "nauc_mrr_at_3_diff1": -0.010033608458507218,
        "nauc_mrr_at_3_max": 0.25687340842421635,
        "nauc_mrr_at_3_std": 0.048246586201648047,
        "nauc_mrr_at_5_diff1": -0.007084242235669851,
        "nauc_mrr_at_5_max": 0.2624085880677994,
        "nauc_mrr_at_5_std": 0.05810292600239683,
        "nauc_ndcg_at_1000_diff1": -0.016326927040434806,
        "nauc_ndcg_at_1000_max": 0.26130207995644755,
        "nauc_ndcg_at_1000_std": 0.10931463999455862,
        "nauc_ndcg_at_100_diff1": -0.019003386352212902,
        "nauc_ndcg_at_100_max": 0.2638628619983573,
        "nauc_ndcg_at_100_std": 0.10696261110110274,
        "nauc_ndcg_at_10_diff1": -0.01365271608230043,
        "nauc_ndcg_at_10_max": 0.2542938473863122,
        "nauc_ndcg_at_10_std": 0.07497510159352798,
        "nauc_ndcg_at_1_diff1": -0.010791121942597572,
        "nauc_ndcg_at_1_max": 0.22041951122520687,
        "nauc_ndcg_at_1_std": 0.026407922771599677,
        "nauc_ndcg_at_20_diff1": -0.01613265746070037,
        "nauc_ndcg_at_20_max": 0.25785416381502063,
        "nauc_ndcg_at_20_std": 0.09003834341497903,
        "nauc_ndcg_at_3_diff1": -0.01893695752103512,
        "nauc_ndcg_at_3_max": 0.24810592308031637,
        "nauc_ndcg_at_3_std": 0.040190521771518856,
        "nauc_ndcg_at_5_diff1": -0.009423474707364179,
        "nauc_ndcg_at_5_max": 0.25130035797452943,
        "nauc_ndcg_at_5_std": 0.05850897234117866,
        "nauc_precision_at_1000_diff1": -0.01681345847783178,
        "nauc_precision_at_1000_max": 0.3026079414446616,
        "nauc_precision_at_1000_std": 0.3107959624196923,
        "nauc_precision_at_100_diff1": -0.028681294990364432,
        "nauc_precision_at_100_max": 0.29725447004832994,
        "nauc_precision_at_100_std": 0.20387954031047809,
        "nauc_precision_at_10_diff1": -0.012270401958107547,
        "nauc_precision_at_10_max": 0.2662437141726948,
        "nauc_precision_at_10_std": 0.10493242940271467,
        "nauc_precision_at_1_diff1": -0.010791121942597572,
        "nauc_precision_at_1_max": 0.22041951122520687,
        "nauc_precision_at_1_std": 0.026407922771599677,
        "nauc_precision_at_20_diff1": -0.018462845553481367,
        "nauc_precision_at_20_max": 0.27488647850662185,
        "nauc_precision_at_20_std": 0.1406917381287575,
        "nauc_precision_at_3_diff1": -0.019196790077758003,
        "nauc_precision_at_3_max": 0.25883274024406544,
        "nauc_precision_at_3_std": 0.04525007090068395,
        "nauc_precision_at_5_diff1": -0.0030927540640212445,
        "nauc_precision_at_5_max": 0.2618141820458272,
        "nauc_precision_at_5_std": 0.07415922469603345,
        "nauc_recall_at_1000_diff1": -0.016813458477829658,
        "nauc_recall_at_1000_max": 0.30260794144466263,
        "nauc_recall_at_1000_std": 0.3107959624196937,
        "nauc_recall_at_100_diff1": -0.028681294990364186,
        "nauc_recall_at_100_max": 0.2972544700483296,
        "nauc_recall_at_100_std": 0.20387954031047834,
        "nauc_recall_at_10_diff1": -0.012270401958107503,
        "nauc_recall_at_10_max": 0.2662437141726953,
        "nauc_recall_at_10_std": 0.10493242940271479,
        "nauc_recall_at_1_diff1": -0.010791121942597572,
        "nauc_recall_at_1_max": 0.22041951122520687,
        "nauc_recall_at_1_std": 0.026407922771599677,
        "nauc_recall_at_20_diff1": -0.018462845553481405,
        "nauc_recall_at_20_max": 0.2748864785066221,
        "nauc_recall_at_20_std": 0.14069173812875746,
        "nauc_recall_at_3_diff1": -0.01919679007775814,
        "nauc_recall_at_3_max": 0.25883274024406516,
        "nauc_recall_at_3_std": 0.04525007090068387,
        "nauc_recall_at_5_diff1": -0.0030927540640208525,
        "nauc_recall_at_5_max": 0.2618141820458273,
        "nauc_recall_at_5_std": 0.07415922469603356,
        "ndcg_at_1": 0.05567,
        "ndcg_at_10": 0.15773,
        "ndcg_at_100": 0.21314,
        "ndcg_at_1000": 0.24652,
        "ndcg_at_20": 0.17741,
        "ndcg_at_3": 0.11098,
        "ndcg_at_5": 0.13265,
        "precision_at_1": 0.05567,
        "precision_at_10": 0.0282,
        "precision_at_100": 0.00555,
        "precision_at_1000": 0.00083,
        "precision_at_20": 0.01799,
        "precision_at_3": 0.05068,
        "precision_at_5": 0.04089,
        "recall_at_1": 0.05567,
        "recall_at_10": 0.28197,
        "recall_at_100": 0.55525,
        "recall_at_1000": 0.82828,
        "recall_at_20": 0.35974,
        "recall_at_3": 0.15203,
        "recall_at_5": 0.20444
      }
    ]
  },
  "task_name": "FinQARetrieval"
}