{
  "dataset_revision": "09e270b1afe87a65dd41c6292e3c8905220bc290",
  "evaluation_time": 0.6911122798919678,
  "kg_co2_emissions": null,
  "mteb_version": "1.12.49",
  "scores": {
    "test": [
      {
        "cosine_pearson": 0.24763382303227788,
        "cosine_spearman": 0.2584924959530956,
        "euclidean_pearson": 0.2531520838382654,
        "euclidean_spearman": 0.2584924959530956,
        "hf_subset": "default",
        "languages": [
          "eng-Latn"
        ],
        "main_score": 0.2584924959530956,
        "manhattan_pearson": 0.2536342683620726,
        "manhattan_spearman": 0.25635177134892917,
        "pearson": [
          0.24763379135250574,
          1.4174819916758651e-06
        ],
        "spearman": [
          0.2584924959530956,
          4.623474382370736e-07
        ]
      }
    ]
  },
  "task_name": "FinSTS"
}