{
  "dataset_revision": "f6934c7980c19a3acb8aeba3b66b4766fbb4b9db",
  "evaluation_time": 25.638996601104736,
  "kg_co2_emissions": null,
  "mteb_version": "1.12.49",
  "scores": {
    "test": [
      {
        "hf_subset": "default",
        "languages": [
          "eng-Latn"
        ],
        "main_score": 0.9563599567099568,
        "map": 0.9563599567099568,
        "mrr": 0.9562690476190475,
        "nAUC_map_diff1": 0.9081073313113146,
        "nAUC_map_max": 0.7585666131159665,
        "nAUC_map_std": 0.6329462245457878,
        "nAUC_mrr_diff1": 0.90737152558706,
        "nAUC_mrr_max": 0.75879676928393,
        "nAUC_mrr_std": 0.6331318139132023
      }
    ]
  },
  "task_name": "FiQA2018Reranking"
}