{
  "dataset_revision": "d52555df9c5c856a01931c112e03eaa0f2d8d6d4",
  "evaluation_time": 163.83342480659485,
  "kg_co2_emissions": null,
  "mteb_version": "1.12.49",
  "scores": {
    "train": [
      {
        "hf_subset": "default",
        "languages": [
          "eng-Latn"
        ],
        "main_score": 0.38237,
        "map_at_1": 0.18723,
        "map_at_10": 0.30655,
        "map_at_100": 0.3246,
        "map_at_1000": 0.32643,
        "map_at_20": 0.31639,
        "map_at_3": 0.26743,
        "map_at_5": 0.28885,
        "mrr_at_1": 0.35709987966305656,
        "mrr_at_10": 0.44785434932095586,
        "mrr_at_100": 0.4568038345809565,
        "mrr_at_1000": 0.4572530941921651,
        "mrr_at_20": 0.45345934493325823,
        "mrr_at_3": 0.4229342158042519,
        "mrr_at_5": 0.4368105695948656,
        "nauc_map_at_1000_diff1": 0.4003100874414808,
        "nauc_map_at_1000_max": 0.31699827429313665,
        "nauc_map_at_1000_std": 0.043581265408732375,
        "nauc_map_at_100_diff1": 0.40000708476151325,
        "nauc_map_at_100_max": 0.31626668048824536,
        "nauc_map_at_100_std": 0.04360200481733614,
        "nauc_map_at_10_diff1": 0.4005029806994474,
        "nauc_map_at_10_max": 0.30746834778483934,
        "nauc_map_at_10_std": 0.03295034049971709,
        "nauc_map_at_1_diff1": 0.43704557634534036,
        "nauc_map_at_1_max": 0.2521862760766402,
        "nauc_map_at_1_std": 0.0024672155081900235,
        "nauc_map_at_20_diff1": 0.39951481973932496,
        "nauc_map_at_20_max": 0.312261275377917,
        "nauc_map_at_20_std": 0.03900312604258877,
        "nauc_map_at_3_diff1": 0.4031995024195954,
        "nauc_map_at_3_max": 0.2878612052997546,
        "nauc_map_at_3_std": 0.013604768827544817,
        "nauc_map_at_5_diff1": 0.39952794827725124,
        "nauc_map_at_5_max": 0.29805708293800776,
        "nauc_map_at_5_std": 0.022419752360628178,
        "nauc_mrr_at_1000_diff1": 0.4479250465927582,
        "nauc_mrr_at_1000_max": 0.3723460592650001,
        "nauc_mrr_at_1000_std": 0.03515735826452767,
        "nauc_mrr_at_100_diff1": 0.44779046476506273,
        "nauc_mrr_at_100_max": 0.3723366094287311,
        "nauc_mrr_at_100_std": 0.03534029313876973,
        "nauc_mrr_at_10_diff1": 0.44708085042152385,
        "nauc_mrr_at_10_max": 0.3712578786116572,
        "nauc_mrr_at_10_std": 0.03334455037430432,
        "nauc_mrr_at_1_diff1": 0.4996735438486078,
        "nauc_mrr_at_1_max": 0.3843451271432085,
        "nauc_mrr_at_1_std": 0.010568819932826707,
        "nauc_mrr_at_20_diff1": 0.44693588760072794,
        "nauc_mrr_at_20_max": 0.37195098114451997,
        "nauc_mrr_at_20_std": 0.03475638747425812,
        "nauc_mrr_at_3_diff1": 0.4526423757196485,
        "nauc_mrr_at_3_max": 0.37099588768742314,
        "nauc_mrr_at_3_std": 0.024992307708235694,
        "nauc_mrr_at_5_diff1": 0.44831387469061035,
        "nauc_mrr_at_5_max": 0.370210103344439,
        "nauc_mrr_at_5_std": 0.028709690148375,
        "nauc_ndcg_at_1000_diff1": 0.3980323405141355,
        "nauc_ndcg_at_1000_max": 0.345956596584759,
        "nauc_ndcg_at_1000_std": 0.07503126780165163,
        "nauc_ndcg_at_100_diff1": 0.39299964596343195,
        "nauc_ndcg_at_100_max": 0.3392170842188782,
        "nauc_ndcg_at_100_std": 0.08171560514832112,
        "nauc_ndcg_at_10_diff1": 0.3931514690101708,
        "nauc_ndcg_at_10_max": 0.3213992093530035,
        "nauc_ndcg_at_10_std": 0.05020030694788054,
        "nauc_ndcg_at_1_diff1": 0.4996735438486078,
        "nauc_ndcg_at_1_max": 0.3843451271432085,
        "nauc_ndcg_at_1_std": 0.010568819932826707,
        "nauc_ndcg_at_20_diff1": 0.3903187362902313,
        "nauc_ndcg_at_20_max": 0.3278761330064956,
        "nauc_ndcg_at_20_std": 0.06371022009519763,
        "nauc_ndcg_at_3_diff1": 0.4015075918382622,
        "nauc_ndcg_at_3_max": 0.3318043776771677,
        "nauc_ndcg_at_3_std": 0.025488240159718435,
        "nauc_ndcg_at_5_diff1": 0.3929299821463358,
        "nauc_ndcg_at_5_max": 0.32127068553855614,
        "nauc_ndcg_at_5_std": 0.0347300183048693,
        "nauc_precision_at_1000_diff1": 0.02563990890492344,
        "nauc_precision_at_1000_max": 0.2025606027601297,
        "nauc_precision_at_1000_std": 0.05985284962845201,
        "nauc_precision_at_100_diff1": 0.10178101842402923,
        "nauc_precision_at_100_max": 0.2700538433017384,
        "nauc_precision_at_100_std": 0.1252127544386634,
        "nauc_precision_at_10_diff1": 0.23315276375178734,
        "nauc_precision_at_10_max": 0.3363714827896105,
        "nauc_precision_at_10_std": 0.08404758860507462,
        "nauc_precision_at_1_diff1": 0.4996735438486078,
        "nauc_precision_at_1_max": 0.3843451271432085,
        "nauc_precision_at_1_std": 0.010568819932826707,
        "nauc_precision_at_20_diff1": 0.18269617010846986,
        "nauc_precision_at_20_max": 0.3187832852363064,
        "nauc_precision_at_20_std": 0.10674788181589863,
        "nauc_precision_at_3_diff1": 0.31838889236612045,
        "nauc_precision_at_3_max": 0.35998583109191445,
        "nauc_precision_at_3_std": 0.036255317298561275,
        "nauc_precision_at_5_diff1": 0.2740693998383788,
        "nauc_precision_at_5_max": 0.35018946513351557,
        "nauc_precision_at_5_std": 0.05573593238673226,
        "nauc_recall_at_1000_diff1": 0.20014357284967801,
        "nauc_recall_at_1000_max": 0.2792970107930754,
        "nauc_recall_at_1000_std": 0.36365009884456273,
        "nauc_recall_at_100_diff1": 0.2395359656137481,
        "nauc_recall_at_100_max": 0.2581255833144936,
        "nauc_recall_at_100_std": 0.23111943856572895,
        "nauc_recall_at_10_diff1": 0.28563593553175226,
        "nauc_recall_at_10_max": 0.24144838521998307,
        "nauc_recall_at_10_std": 0.08058614768179104,
        "nauc_recall_at_1_diff1": 0.43704557634534036,
        "nauc_recall_at_1_max": 0.2521862760766402,
        "nauc_recall_at_1_std": 0.0024672155081900235,
        "nauc_recall_at_20_diff1": 0.2610955448643161,
        "nauc_recall_at_20_max": 0.24637304970538826,
        "nauc_recall_at_20_std": 0.12440853106072948,
        "nauc_recall_at_3_diff1": 0.32143168244671055,
        "nauc_recall_at_3_max": 0.2396556948738758,
        "nauc_recall_at_3_std": 0.023895715110214984,
        "nauc_recall_at_5_diff1": 0.2991275800344381,
        "nauc_recall_at_5_max": 0.2401088308022015,
        "nauc_recall_at_5_std": 0.045444828938477996,
        "ndcg_at_1": 0.3571,
        "ndcg_at_10": 0.38237,
        "ndcg_at_100": 0.44944,
        "ndcg_at_1000": 0.48143,
        "ndcg_at_20": 0.40838,
        "ndcg_at_3": 0.34229,
        "ndcg_at_5": 0.35591,
        "precision_at_1": 0.3571,
        "precision_at_10": 0.10409,
        "precision_at_100": 0.01732,
        "precision_at_1000": 0.0023,
        "precision_at_20": 0.06284,
        "precision_at_3": 0.22483,
        "precision_at_5": 0.16606,
        "recall_at_1": 0.18723,
        "recall_at_10": 0.45916,
        "recall_at_100": 0.7111,
        "recall_at_1000": 0.90519,
        "recall_at_20": 0.54171,
        "recall_at_3": 0.3206,
        "recall_at_5": 0.37937
      }
    ]
  },
  "task_name": "FiQA2018Retrieval"
}