{
  "dataset_revision": "538a43bb89e86fd40a8d1b9c7e630f8c3aa67a6c",
  "evaluation_time": 22.387004852294922,
  "kg_co2_emissions": null,
  "mteb_version": "1.12.49",
  "scores": {
    "test": [
      {
        "hf_subset": "default",
        "languages": [
          "eng-Latn"
        ],
        "main_score": 0.9789349206349207,
        "map": 0.9789349206349207,
        "mrr": 0.9995,
        "nAUC_map_diff1": -0.5172604897081637,
        "nAUC_map_max": 0.4544691636481769,
        "nAUC_map_std": 0.6258279515558792,
        "nAUC_mrr_diff1": 1.0,
        "nAUC_mrr_max": 1.0,
        "nAUC_mrr_std": 1.0
      }
    ]
  },
  "task_name": "HC3Reranking"
}