{
  "dataset_revision": "7018353fb281b866e5934eeb496251be4ad3585f",
  "evaluation_time": 20.739014625549316,
  "kg_co2_emissions": null,
  "mteb_version": "1.12.49",
  "scores": {
    "train": [
      {
        "hf_subset": "default",
        "languages": [
          "eng-Latn"
        ],
        "main_score": 0.5025,
        "map_at_1": 0.36283,
        "map_at_10": 0.45421,
        "map_at_100": 0.46305,
        "map_at_1000": 0.46357,
        "map_at_20": 0.45925,
        "map_at_3": 0.42906,
        "map_at_5": 0.44376,
        "mrr_at_1": 0.36282735825069923,
        "mrr_at_10": 0.45420869000197756,
        "mrr_at_100": 0.4630545099379401,
        "mrr_at_1000": 0.46356817691814417,
        "mrr_at_20": 0.45925432946849726,
        "mrr_at_3": 0.4290617848970252,
        "mrr_at_5": 0.4437579455886092,
        "nauc_map_at_1000_diff1": 0.5537150127113653,
        "nauc_map_at_1000_max": 0.38118911137220046,
        "nauc_map_at_1000_std": -0.059042718942733496,
        "nauc_map_at_100_diff1": 0.553453424375618,
        "nauc_map_at_100_max": 0.3811768875207194,
        "nauc_map_at_100_std": -0.0588784487717367,
        "nauc_map_at_10_diff1": 0.5532691521961035,
        "nauc_map_at_10_max": 0.38128448535082,
        "nauc_map_at_10_std": -0.06100377708199398,
        "nauc_map_at_1_diff1": 0.6125410193290021,
        "nauc_map_at_1_max": 0.3895494093561416,
        "nauc_map_at_1_std": -0.08271245198681067,
        "nauc_map_at_20_diff1": 0.5529608327090652,
        "nauc_map_at_20_max": 0.38082274438878233,
        "nauc_map_at_20_std": -0.05894229533340531,
        "nauc_map_at_3_diff1": 0.5590155217164096,
        "nauc_map_at_3_max": 0.380114456663502,
        "nauc_map_at_3_std": -0.06699767198623555,
        "nauc_map_at_5_diff1": 0.555733091535254,
        "nauc_map_at_5_max": 0.37902117966454846,
        "nauc_map_at_5_std": -0.0636357776405516,
        "nauc_mrr_at_1000_diff1": 0.5537150127113653,
        "nauc_mrr_at_1000_max": 0.38118911137220046,
        "nauc_mrr_at_1000_std": -0.059042718942733496,
        "nauc_mrr_at_100_diff1": 0.553453424375618,
        "nauc_mrr_at_100_max": 0.3811768875207194,
        "nauc_mrr_at_100_std": -0.0588784487717367,
        "nauc_mrr_at_10_diff1": 0.5532691521961035,
        "nauc_mrr_at_10_max": 0.38128448535082,
        "nauc_mrr_at_10_std": -0.06100377708199398,
        "nauc_mrr_at_1_diff1": 0.6125410193290021,
        "nauc_mrr_at_1_max": 0.3895494093561416,
        "nauc_mrr_at_1_std": -0.08271245198681067,
        "nauc_mrr_at_20_diff1": 0.5529608327090652,
        "nauc_mrr_at_20_max": 0.38082274438878233,
        "nauc_mrr_at_20_std": -0.05894229533340531,
        "nauc_mrr_at_3_diff1": 0.5590155217164096,
        "nauc_mrr_at_3_max": 0.380114456663502,
        "nauc_mrr_at_3_std": -0.06699767198623555,
        "nauc_mrr_at_5_diff1": 0.555733091535254,
        "nauc_mrr_at_5_max": 0.37902117966454846,
        "nauc_mrr_at_5_std": -0.0636357776405516,
        "nauc_ndcg_at_1000_diff1": 0.539123249739482,
        "nauc_ndcg_at_1000_max": 0.38004521178053624,
        "nauc_ndcg_at_1000_std": -0.04614664256389563,
        "nauc_ndcg_at_100_diff1": 0.5313890735235011,
        "nauc_ndcg_at_100_max": 0.379665775790671,
        "nauc_ndcg_at_100_std": -0.03896283891478723,
        "nauc_ndcg_at_10_diff1": 0.5293977331763758,
        "nauc_ndcg_at_10_max": 0.37931027720082255,
        "nauc_ndcg_at_10_std": -0.04911894534425961,
        "nauc_ndcg_at_1_diff1": 0.6125410193290021,
        "nauc_ndcg_at_1_max": 0.3895494093561416,
        "nauc_ndcg_at_1_std": -0.08271245198681067,
        "nauc_ndcg_at_20_diff1": 0.5276822863930385,
        "nauc_ndcg_at_20_max": 0.37728088868996684,
        "nauc_ndcg_at_20_std": -0.04108427255810172,
        "nauc_ndcg_at_3_diff1": 0.542089666934738,
        "nauc_ndcg_at_3_max": 0.3760450475549739,
        "nauc_ndcg_at_3_std": -0.062240251652331775,
        "nauc_ndcg_at_5_diff1": 0.5357601189248357,
        "nauc_ndcg_at_5_max": 0.37407546278095405,
        "nauc_ndcg_at_5_std": -0.05570604523860033,
        "nauc_precision_at_1000_diff1": 0.37389403031461604,
        "nauc_precision_at_1000_max": 0.4248865436273815,
        "nauc_precision_at_1000_std": 0.3963102011951464,
        "nauc_precision_at_100_diff1": 0.3646399223936321,
        "nauc_precision_at_100_max": 0.37804298042013706,
        "nauc_precision_at_100_std": 0.16481964784343986,
        "nauc_precision_at_10_diff1": 0.4429550805751384,
        "nauc_precision_at_10_max": 0.374008306177179,
        "nauc_precision_at_10_std": -0.0036312475463268438,
        "nauc_precision_at_1_diff1": 0.6125410193290021,
        "nauc_precision_at_1_max": 0.3895494093561416,
        "nauc_precision_at_1_std": -0.08271245198681067,
        "nauc_precision_at_20_diff1": 0.41800265501126266,
        "nauc_precision_at_20_max": 0.3618440304190544,
        "nauc_precision_at_20_std": 0.04651699590890637,
        "nauc_precision_at_3_diff1": 0.4923825035558982,
        "nauc_precision_at_3_max": 0.3637417621847599,
        "nauc_precision_at_3_std": -0.04833762660959428,
        "nauc_precision_at_5_diff1": 0.4729294174977467,
        "nauc_precision_at_5_max": 0.35815594156964026,
        "nauc_precision_at_5_std": -0.029969858828072855,
        "nauc_recall_at_1000_diff1": 0.3738940303146143,
        "nauc_recall_at_1000_max": 0.42488654362738654,
        "nauc_recall_at_1000_std": 0.3963102011951547,
        "nauc_recall_at_100_diff1": 0.3646399223936336,
        "nauc_recall_at_100_max": 0.37804298042013706,
        "nauc_recall_at_100_std": 0.1648196478434406,
        "nauc_recall_at_10_diff1": 0.4429550805751384,
        "nauc_recall_at_10_max": 0.37400830617717945,
        "nauc_recall_at_10_std": -0.003631247546326269,
        "nauc_recall_at_1_diff1": 0.6125410193290021,
        "nauc_recall_at_1_max": 0.3895494093561416,
        "nauc_recall_at_1_std": -0.08271245198681067,
        "nauc_recall_at_20_diff1": 0.4180026550112628,
        "nauc_recall_at_20_max": 0.361844030419054,
        "nauc_recall_at_20_std": 0.04651699590890636,
        "nauc_recall_at_3_diff1": 0.4923825035558983,
        "nauc_recall_at_3_max": 0.3637417621847595,
        "nauc_recall_at_3_std": -0.048337626609594654,
        "nauc_recall_at_5_diff1": 0.4729294174977475,
        "nauc_recall_at_5_max": 0.35815594156964053,
        "nauc_recall_at_5_std": -0.029969858828072658,
        "ndcg_at_1": 0.36283,
        "ndcg_at_10": 0.5025,
        "ndcg_at_100": 0.54874,
        "ndcg_at_1000": 0.56228,
        "ndcg_at_20": 0.5211,
        "ndcg_at_3": 0.45058,
        "ndcg_at_5": 0.47718,
        "precision_at_1": 0.36283,
        "precision_at_10": 0.0656,
        "precision_at_100": 0.00879,
        "precision_at_1000": 0.00099,
        "precision_at_20": 0.0365,
        "precision_at_3": 0.17095,
        "precision_at_5": 0.11554,
        "recall_at_1": 0.36283,
        "recall_at_10": 0.65599,
        "recall_at_100": 0.87923,
        "recall_at_1000": 0.98551,
        "recall_at_20": 0.72998,
        "recall_at_3": 0.51284,
        "recall_at_5": 0.57768
      }
    ]
  },
  "task_name": "HC3Retrieval"
}