{
  "dataset_revision": "ad0150ed63940e88846659e46be5138aa0db6c85",
  "evaluation_time": 7.721439599990845,
  "kg_co2_emissions": null,
  "mteb_version": "1.12.49",
  "scores": {
    "test": [
      {
        "cosine": {
          "accuracy": 0.6092203979558551,
          "accuracy_threshold": 0.7759657502174377,
          "ap": 0.6880025239510439,
          "f1": 0.7298755186721992,
          "f1_threshold": 0.7021287679672241,
          "precision": 0.575149863760218,
          "recall": 0.9984862819299906
        },
        "dot": {
          "accuracy": 0.6092203979558551,
          "accuracy_threshold": 0.7759657502174377,
          "ap": 0.6880027454604632,
          "f1": 0.7298755186721992,
          "f1_threshold": 0.7021288275718689,
          "precision": 0.575149863760218,
          "recall": 0.9984862819299906
        },
        "euclidean": {
          "accuracy": 0.6092203979558551,
          "accuracy_threshold": 0.6693792343139648,
          "ap": 0.6880027544438201,
          "f1": 0.7298755186721992,
          "f1_threshold": 0.771843433380127,
          "precision": 0.575149863760218,
          "recall": 0.9984862819299906
        },
        "hf_subset": "default",
        "languages": [
          "eng-Latn"
        ],
        "main_score": 0.6880028148814771,
        "manhattan": {
          "accuracy": 0.6070457757964554,
          "accuracy_threshold": 14.697576522827148,
          "ap": 0.6861689442821075,
          "f1": 0.7299391256225789,
          "f1_threshold": 17.027311325073242,
          "precision": 0.5752916802965871,
          "recall": 0.9982970671712393
        },
        "max": {
          "accuracy": 0.6092203979558551,
          "ap": 0.6880028148814771,
          "f1": 0.7299391256225789
        },
        "similarity": {
          "accuracy": 0.6092203979558551,
          "accuracy_threshold": 0.7759658098220825,
          "ap": 0.6880028148814771,
          "f1": 0.7298755186721992,
          "f1_threshold": 0.7021288871765137,
          "precision": 0.575149863760218,
          "recall": 0.9984862819299906
        }
      }
    ]
  },
  "task_name": "HeadlinePDDPairClassification"
}