{
  "dataset_revision": "11b15221dd850044dc2261ce633e692851c8b7e2",
  "evaluation_time": 12.262229204177856,
  "kg_co2_emissions": null,
  "mteb_version": "1.12.49",
  "scores": {
    "train": [
      {
        "hf_subset": "default",
        "languages": [
          "eng-Latn"
        ],
        "main_score": 0.26167,
        "map_at_1": 0.07434,
        "map_at_10": 0.18796,
        "map_at_100": 0.20195,
        "map_at_1000": 0.20264,
        "map_at_20": 0.19682,
        "map_at_3": 0.13489,
        "map_at_5": 0.16924,
        "mrr_at_1": 0.07014388489208633,
        "mrr_at_10": 0.1859812150279776,
        "mrr_at_100": 0.19956263475115046,
        "mrr_at_1000": 0.20026463211462875,
        "mrr_at_20": 0.19448521624704052,
        "mrr_at_3": 0.13379296562749798,
        "mrr_at_5": 0.16649680255795363,
        "nauc_map_at_1000_diff1": 0.012915996035299818,
        "nauc_map_at_1000_max": 0.11393129504098243,
        "nauc_map_at_1000_std": 0.05141992979693048,
        "nauc_map_at_100_diff1": 0.012693885418139298,
        "nauc_map_at_100_max": 0.11427837412102992,
        "nauc_map_at_100_std": 0.0518242265370462,
        "nauc_map_at_10_diff1": 0.013427192787664114,
        "nauc_map_at_10_max": 0.11086656558610825,
        "nauc_map_at_10_std": 0.04057554640840072,
        "nauc_map_at_1_diff1": 0.04349920887722937,
        "nauc_map_at_1_max": 0.10086676982117458,
        "nauc_map_at_1_std": 0.03260193530862167,
        "nauc_map_at_20_diff1": 0.014375312798059923,
        "nauc_map_at_20_max": 0.1121981046750072,
        "nauc_map_at_20_std": 0.04730840253026356,
        "nauc_map_at_3_diff1": 0.010115011331114476,
        "nauc_map_at_3_max": 0.08355626353694713,
        "nauc_map_at_3_std": 0.02937579928171255,
        "nauc_map_at_5_diff1": 0.015890545468759863,
        "nauc_map_at_5_max": 0.10829257942977459,
        "nauc_map_at_5_std": 0.03383403264616582,
        "nauc_mrr_at_1000_diff1": 0.02785617998575712,
        "nauc_mrr_at_1000_max": 0.12404906457215308,
        "nauc_mrr_at_1000_std": 0.03545792076641243,
        "nauc_mrr_at_100_diff1": 0.027631721647054793,
        "nauc_mrr_at_100_max": 0.1243090181703774,
        "nauc_mrr_at_100_std": 0.035938116761036816,
        "nauc_mrr_at_10_diff1": 0.02941578062485271,
        "nauc_mrr_at_10_max": 0.12111436325228919,
        "nauc_mrr_at_10_std": 0.026214929563703415,
        "nauc_mrr_at_1_diff1": 0.06389301713285296,
        "nauc_mrr_at_1_max": 0.09901689371582995,
        "nauc_mrr_at_1_std": 0.008269557801955051,
        "nauc_mrr_at_20_diff1": 0.02828947781322471,
        "nauc_mrr_at_20_max": 0.12230900430797202,
        "nauc_mrr_at_20_std": 0.03209348025788567,
        "nauc_mrr_at_3_diff1": 0.03131972215748192,
        "nauc_mrr_at_3_max": 0.10585238134217931,
        "nauc_mrr_at_3_std": 0.004758842740592639,
        "nauc_mrr_at_5_diff1": 0.029948493884637602,
        "nauc_mrr_at_5_max": 0.11566885952948733,
        "nauc_mrr_at_5_std": 0.017488164081428427,
        "nauc_ndcg_at_1000_diff1": 0.00514136193354153,
        "nauc_ndcg_at_1000_max": 0.13263505519062468,
        "nauc_ndcg_at_1000_std": 0.07941172272104745,
        "nauc_ndcg_at_100_diff1": -0.0008769084631518886,
        "nauc_ndcg_at_100_max": 0.1466621580963482,
        "nauc_ndcg_at_100_std": 0.0979926711448729,
        "nauc_ndcg_at_10_diff1": 0.007407931957118354,
        "nauc_ndcg_at_10_max": 0.1243362434032174,
        "nauc_ndcg_at_10_std": 0.047529301476544474,
        "nauc_ndcg_at_1_diff1": 0.04349920887722937,
        "nauc_ndcg_at_1_max": 0.10086676982117458,
        "nauc_ndcg_at_1_std": 0.03260193530862167,
        "nauc_ndcg_at_20_diff1": 0.009835118962218775,
        "nauc_ndcg_at_20_max": 0.12899871688206746,
        "nauc_ndcg_at_20_std": 0.0692949186534602,
        "nauc_ndcg_at_3_diff1": 0.003937618124743804,
        "nauc_ndcg_at_3_max": 0.08054518910488959,
        "nauc_ndcg_at_3_std": 0.02702983515032549,
        "nauc_ndcg_at_5_diff1": 0.012858909680503119,
        "nauc_ndcg_at_5_max": 0.11965479473044877,
        "nauc_ndcg_at_5_std": 0.03399837936269591,
        "nauc_precision_at_1000_diff1": -0.2132148532959397,
        "nauc_precision_at_1000_max": 0.5590479067113838,
        "nauc_precision_at_1000_std": 0.8764771873335893,
        "nauc_precision_at_100_diff1": -0.07698503378530513,
        "nauc_precision_at_100_max": 0.3318862300320442,
        "nauc_precision_at_100_std": 0.3692681503877022,
        "nauc_precision_at_10_diff1": -0.004516723463597096,
        "nauc_precision_at_10_max": 0.152999257822648,
        "nauc_precision_at_10_std": 0.06344355471366708,
        "nauc_precision_at_1_diff1": 0.04349920887722937,
        "nauc_precision_at_1_max": 0.10086676982117458,
        "nauc_precision_at_1_std": 0.03260193530862167,
        "nauc_precision_at_20_diff1": 0.0004725120569248852,
        "nauc_precision_at_20_max": 0.17173062053110708,
        "nauc_precision_at_20_std": 0.13329696336120886,
        "nauc_precision_at_3_diff1": -0.008175799904285375,
        "nauc_precision_at_3_max": 0.07468530836351436,
        "nauc_precision_at_3_std": 0.022023248316928687,
        "nauc_precision_at_5_diff1": 0.00802869634390664,
        "nauc_precision_at_5_max": 0.1433650517841486,
        "nauc_precision_at_5_std": 0.034487281477017795,
        "nauc_recall_at_1000_diff1": -0.21321485329592194,
        "nauc_recall_at_1000_max": 0.5590479067113878,
        "nauc_recall_at_1000_std": 0.8764771873335782,
        "nauc_recall_at_100_diff1": -0.0769850337853058,
        "nauc_recall_at_100_max": 0.3318862300320448,
        "nauc_recall_at_100_std": 0.36926815038770283,
        "nauc_recall_at_10_diff1": -0.004516723463597144,
        "nauc_recall_at_10_max": 0.1529992578226481,
        "nauc_recall_at_10_std": 0.06344355471366733,
        "nauc_recall_at_1_diff1": 0.04349920887722937,
        "nauc_recall_at_1_max": 0.10086676982117458,
        "nauc_recall_at_1_std": 0.03260193530862167,
        "nauc_recall_at_20_diff1": 0.00047251205692477627,
        "nauc_recall_at_20_max": 0.17173062053110716,
        "nauc_recall_at_20_std": 0.13329696336120878,
        "nauc_recall_at_3_diff1": -0.008175799904285318,
        "nauc_recall_at_3_max": 0.07468530836351456,
        "nauc_recall_at_3_std": 0.022023248316928732,
        "nauc_recall_at_5_diff1": 0.00802869634390682,
        "nauc_recall_at_5_max": 0.1433650517841487,
        "nauc_recall_at_5_std": 0.03448728147701774,
        "ndcg_at_1": 0.07434,
        "ndcg_at_10": 0.26167,
        "ndcg_at_100": 0.33085,
        "ndcg_at_1000": 0.35071,
        "ndcg_at_20": 0.29386,
        "ndcg_at_3": 0.15617,
        "ndcg_at_5": 0.2185,
        "precision_at_1": 0.07434,
        "precision_at_10": 0.04994,
        "precision_at_100": 0.00826,
        "precision_at_1000": 0.00099,
        "precision_at_20": 0.03132,
        "precision_at_3": 0.07274,
        "precision_at_5": 0.0741,
        "recall_at_1": 0.07434,
        "recall_at_10": 0.4994,
        "recall_at_100": 0.82554,
        "recall_at_1000": 0.98501,
        "recall_at_20": 0.6265,
        "recall_at_3": 0.21823,
        "recall_at_5": 0.3705
      }
    ]
  },
  "task_name": "TATQARetrieval"
}