{
  "dataset_revision": "c33ce9ced2224b9c6d9e425196edc36f53400ec1",
  "evaluation_time": 4.620535850524902,
  "kg_co2_emissions": null,
  "mteb_version": "1.12.49",
  "scores": {
    "train": [
      {
        "hf_subset": "default",
        "languages": [
          "eng-Latn"
        ],
        "main_score": 0.4281,
        "map_at_1": 0.26984,
        "map_at_10": 0.37321,
        "map_at_100": 0.3838,
        "map_at_1000": 0.38439,
        "map_at_20": 0.37923,
        "map_at_3": 0.34546,
        "map_at_5": 0.36153,
        "mrr_at_1": 0.2691798941798942,
        "mrr_at_10": 0.3729237528344671,
        "mrr_at_100": 0.38349760167870744,
        "mrr_at_1000": 0.38408111698224684,
        "mrr_at_20": 0.3789219436888702,
        "mrr_at_3": 0.3446869488536155,
        "mrr_at_5": 0.36135361552028217,
        "nauc_map_at_1000_diff1": 0.3248545412118136,
        "nauc_map_at_1000_max": 0.315341025486411,
        "nauc_map_at_1000_std": 0.055709423547074935,
        "nauc_map_at_100_diff1": 0.32457356969595275,
        "nauc_map_at_100_max": 0.31563286893527887,
        "nauc_map_at_100_std": 0.056406072950716056,
        "nauc_map_at_10_diff1": 0.32560453714317034,
        "nauc_map_at_10_max": 0.3151765672343792,
        "nauc_map_at_10_std": 0.05263528012501149,
        "nauc_map_at_1_diff1": 0.38291235281044217,
        "nauc_map_at_1_max": 0.2698323162539915,
        "nauc_map_at_1_std": 0.006614575713066328,
        "nauc_map_at_20_diff1": 0.3237298491087961,
        "nauc_map_at_20_max": 0.3156649080652311,
        "nauc_map_at_20_std": 0.055235142734625146,
        "nauc_map_at_3_diff1": 0.3269962620087194,
        "nauc_map_at_3_max": 0.30231822680586284,
        "nauc_map_at_3_std": 0.032360094887047865,
        "nauc_map_at_5_diff1": 0.32678971074360724,
        "nauc_map_at_5_max": 0.30928710179878777,
        "nauc_map_at_5_std": 0.04309005278676999,
        "nauc_mrr_at_1000_diff1": 0.32679678245142213,
        "nauc_mrr_at_1000_max": 0.32237294610847433,
        "nauc_mrr_at_1000_std": 0.06098363377899376,
        "nauc_mrr_at_100_diff1": 0.3265122358724417,
        "nauc_mrr_at_100_max": 0.3226532293943388,
        "nauc_mrr_at_100_std": 0.06167180400798479,
        "nauc_mrr_at_10_diff1": 0.3275023524840472,
        "nauc_mrr_at_10_max": 0.3220470408832276,
        "nauc_mrr_at_10_std": 0.05777892851114489,
        "nauc_mrr_at_1_diff1": 0.3853631841301202,
        "nauc_mrr_at_1_max": 0.281159579573455,
        "nauc_mrr_at_1_std": 0.01589460346982189,
        "nauc_mrr_at_20_diff1": 0.32564658921993245,
        "nauc_mrr_at_20_max": 0.3226171397986077,
        "nauc_mrr_at_20_std": 0.06045151635438526,
        "nauc_mrr_at_3_diff1": 0.32997054090809685,
        "nauc_mrr_at_3_max": 0.3096349678065387,
        "nauc_mrr_at_3_std": 0.03782437346373992,
        "nauc_mrr_at_5_diff1": 0.3285865038712408,
        "nauc_mrr_at_5_max": 0.31628889082940737,
        "nauc_mrr_at_5_std": 0.048354009208193584,
        "nauc_ndcg_at_1000_diff1": 0.31436130945878105,
        "nauc_ndcg_at_1000_max": 0.3337041894260405,
        "nauc_ndcg_at_1000_std": 0.08225938782497429,
        "nauc_ndcg_at_100_diff1": 0.30691665831231973,
        "nauc_ndcg_at_100_max": 0.3451030221214851,
        "nauc_ndcg_at_100_std": 0.10509042100584029,
        "nauc_ndcg_at_10_diff1": 0.3081416776348325,
        "nauc_ndcg_at_10_max": 0.34170748122928096,
        "nauc_ndcg_at_10_std": 0.08465272489088839,
        "nauc_ndcg_at_1_diff1": 0.38291235281044217,
        "nauc_ndcg_at_1_max": 0.2698323162539915,
        "nauc_ndcg_at_1_std": 0.006614575713066328,
        "nauc_ndcg_at_20_diff1": 0.3008548963353879,
        "nauc_ndcg_at_20_max": 0.344759626307618,
        "nauc_ndcg_at_20_std": 0.09586666065296812,
        "nauc_ndcg_at_3_diff1": 0.3113268092264109,
        "nauc_ndcg_at_3_max": 0.31452813188661893,
        "nauc_ndcg_at_3_std": 0.042408835548476714,
        "nauc_ndcg_at_5_diff1": 0.3115559682385797,
        "nauc_ndcg_at_5_max": 0.327309781020734,
        "nauc_ndcg_at_5_std": 0.06166570161676922,
        "nauc_precision_at_1000_diff1": 0.5410123745527096,
        "nauc_precision_at_1000_max": 0.9162060042593325,
        "nauc_precision_at_1000_std": 0.901504983355107,
        "nauc_precision_at_100_diff1": 0.1992224447281012,
        "nauc_precision_at_100_max": 0.5751058471286514,
        "nauc_precision_at_100_std": 0.5322056554956477,
        "nauc_precision_at_10_diff1": 0.25356056908794317,
        "nauc_precision_at_10_max": 0.43252539321188105,
        "nauc_precision_at_10_std": 0.1965608660840223,
        "nauc_precision_at_1_diff1": 0.38291235281044217,
        "nauc_precision_at_1_max": 0.2698323162539915,
        "nauc_precision_at_1_std": 0.006614575713066328,
        "nauc_precision_at_20_diff1": 0.21075661822770866,
        "nauc_precision_at_20_max": 0.46314708215546785,
        "nauc_precision_at_20_std": 0.26937604927599373,
        "nauc_precision_at_3_diff1": 0.2682508895371897,
        "nauc_precision_at_3_max": 0.34910845062750934,
        "nauc_precision_at_3_std": 0.07095907381829869,
        "nauc_precision_at_5_diff1": 0.2691795753645771,
        "nauc_precision_at_5_max": 0.3812725407889508,
        "nauc_precision_at_5_std": 0.11792939000793666,
        "nauc_recall_at_1000_diff1": 0.5410123745526996,
        "nauc_recall_at_1000_max": 0.9162060042593708,
        "nauc_recall_at_1000_std": 0.9015049833551259,
        "nauc_recall_at_100_diff1": 0.1992224447281022,
        "nauc_recall_at_100_max": 0.5751058471286511,
        "nauc_recall_at_100_std": 0.5322056554956464,
        "nauc_recall_at_10_diff1": 0.2535605690879435,
        "nauc_recall_at_10_max": 0.43252539321188094,
        "nauc_recall_at_10_std": 0.19656086608402257,
        "nauc_recall_at_1_diff1": 0.38291235281044217,
        "nauc_recall_at_1_max": 0.2698323162539915,
        "nauc_recall_at_1_std": 0.006614575713066328,
        "nauc_recall_at_20_diff1": 0.21075661822770886,
        "nauc_recall_at_20_max": 0.46314708215546774,
        "nauc_recall_at_20_std": 0.26937604927599407,
        "nauc_recall_at_3_diff1": 0.2682508895371895,
        "nauc_recall_at_3_max": 0.34910845062750945,
        "nauc_recall_at_3_std": 0.07095907381829861,
        "nauc_recall_at_5_diff1": 0.2691795753645778,
        "nauc_recall_at_5_max": 0.38127254078895106,
        "nauc_recall_at_5_std": 0.11792939000793713,
        "ndcg_at_1": 0.26984,
        "ndcg_at_10": 0.4281,
        "ndcg_at_100": 0.48194,
        "ndcg_at_1000": 0.49862,
        "ndcg_at_20": 0.44946,
        "ndcg_at_3": 0.37067,
        "ndcg_at_5": 0.39958,
        "precision_at_1": 0.26984,
        "precision_at_10": 0.06025,
        "precision_at_100": 0.0086,
        "precision_at_1000": 0.00099,
        "precision_at_20": 0.03429,
        "precision_at_3": 0.14793,
        "precision_at_5": 0.10278,
        "recall_at_1": 0.26984,
        "recall_at_10": 0.60251,
        "recall_at_100": 0.85979,
        "recall_at_1000": 0.99339,
        "recall_at_20": 0.68585,
        "recall_at_3": 0.44378,
        "recall_at_5": 0.51389
      }
    ]
  },
  "task_name": "TheGoldmanEnRetrieval"
}