{
  "dataset_revision": "7fa70ba6624011d65a311df86193b4b5587969bc",
  "evaluation_time": 47.16073679924011,
  "kg_co2_emissions": null,
  "mteb_version": "1.12.49",
  "scores": {
    "train": [
      {
        "hf_subset": "default",
        "languages": [
          "eng-Latn"
        ],
        "main_score": 0.98678,
        "map_at_1": 0.96814,
        "map_at_10": 0.9824,
        "map_at_100": 0.98243,
        "map_at_1000": 0.98243,
        "map_at_20": 0.98243,
        "map_at_3": 0.98192,
        "map_at_5": 0.98229,
        "mrr_at_1": 0.9681351210168901,
        "mrr_at_10": 0.9824024554391958,
        "mrr_at_100": 0.9824257757546109,
        "mrr_at_1000": 0.9824257757546109,
        "mrr_at_20": 0.9824257757546109,
        "mrr_at_3": 0.9819200185733357,
        "mrr_at_5": 0.9822856811190435,
        "nauc_map_at_1000_diff1": 0.9752238168543554,
        "nauc_map_at_1000_max": 0.6287131380647164,
        "nauc_map_at_1000_std": -0.3606727465953093,
        "nauc_map_at_100_diff1": 0.9752238168543554,
        "nauc_map_at_100_max": 0.6287131380647164,
        "nauc_map_at_100_std": -0.3606727465953093,
        "nauc_map_at_10_diff1": 0.9752566503217673,
        "nauc_map_at_10_max": 0.6292051684556594,
        "nauc_map_at_10_std": -0.36153064443231986,
        "nauc_map_at_1_diff1": 0.9756885424509194,
        "nauc_map_at_1_max": 0.6031797165872228,
        "nauc_map_at_1_std": -0.35348255614957264,
        "nauc_map_at_20_diff1": 0.9752238168543554,
        "nauc_map_at_20_max": 0.6287131380647164,
        "nauc_map_at_20_std": -0.3606727465953093,
        "nauc_map_at_3_diff1": 0.9751930460103887,
        "nauc_map_at_3_max": 0.6347053092049383,
        "nauc_map_at_3_std": -0.366603080146198,
        "nauc_map_at_5_diff1": 0.9752591552372809,
        "nauc_map_at_5_max": 0.6316494800129061,
        "nauc_map_at_5_std": -0.3631191002461195,
        "nauc_mrr_at_1000_diff1": 0.9752238168543554,
        "nauc_mrr_at_1000_max": 0.6287131380647164,
        "nauc_mrr_at_1000_std": -0.3606727465953093,
        "nauc_mrr_at_100_diff1": 0.9752238168543554,
        "nauc_mrr_at_100_max": 0.6287131380647164,
        "nauc_mrr_at_100_std": -0.3606727465953093,
        "nauc_mrr_at_10_diff1": 0.9752566503217673,
        "nauc_mrr_at_10_max": 0.6292051684556594,
        "nauc_mrr_at_10_std": -0.36153064443231986,
        "nauc_mrr_at_1_diff1": 0.9756885424509194,
        "nauc_mrr_at_1_max": 0.6031797165872228,
        "nauc_mrr_at_1_std": -0.35348255614957264,
        "nauc_mrr_at_20_diff1": 0.9752238168543554,
        "nauc_mrr_at_20_max": 0.6287131380647164,
        "nauc_mrr_at_20_std": -0.3606727465953093,
        "nauc_mrr_at_3_diff1": 0.9751930460103887,
        "nauc_mrr_at_3_max": 0.6347053092049383,
        "nauc_mrr_at_3_std": -0.366603080146198,
        "nauc_mrr_at_5_diff1": 0.9752591552372809,
        "nauc_mrr_at_5_max": 0.6316494800129061,
        "nauc_mrr_at_5_std": -0.3631191002461195,
        "nauc_ndcg_at_1000_diff1": 0.9752918924807125,
        "nauc_ndcg_at_1000_max": 0.6323711460818328,
        "nauc_ndcg_at_1000_std": -0.35800188819678125,
        "nauc_ndcg_at_100_diff1": 0.9752918924807125,
        "nauc_ndcg_at_100_max": 0.6323711460818328,
        "nauc_ndcg_at_100_std": -0.35800188819678125,
        "nauc_ndcg_at_10_diff1": 0.9754548346387528,
        "nauc_ndcg_at_10_max": 0.634795542153794,
        "nauc_ndcg_at_10_std": -0.36206070614188346,
        "nauc_ndcg_at_1_diff1": 0.9756885424509194,
        "nauc_ndcg_at_1_max": 0.6031797165872228,
        "nauc_ndcg_at_1_std": -0.35348255614957264,
        "nauc_ndcg_at_20_diff1": 0.9752918924807125,
        "nauc_ndcg_at_20_max": 0.6323711460818328,
        "nauc_ndcg_at_20_std": -0.35800188819678125,
        "nauc_ndcg_at_3_diff1": 0.9752532651535817,
        "nauc_ndcg_at_3_max": 0.6492370634981502,
        "nauc_ndcg_at_3_std": -0.3753425129204451,
        "nauc_ndcg_at_5_diff1": 0.9754363281473398,
        "nauc_ndcg_at_5_max": 0.6424333673350112,
        "nauc_ndcg_at_5_std": -0.36820969117419916,
        "nauc_precision_at_1000_diff1": 1.0,
        "nauc_precision_at_1000_max": 1.0,
        "nauc_precision_at_1000_std": 1.0,
        "nauc_precision_at_100_diff1": 1.0,
        "nauc_precision_at_100_max": 1.0,
        "nauc_precision_at_100_std": 1.0,
        "nauc_precision_at_10_diff1": 1.0,
        "nauc_precision_at_10_max": 1.0,
        "nauc_precision_at_10_std": -0.30383565359399145,
        "nauc_precision_at_1_diff1": 0.9756885424509194,
        "nauc_precision_at_1_max": 0.6031797165872228,
        "nauc_precision_at_1_std": -0.35348255614957264,
        "nauc_precision_at_20_diff1": 1.0,
        "nauc_precision_at_20_max": 1.0,
        "nauc_precision_at_20_std": 1.0,
        "nauc_precision_at_3_diff1": 0.9769332880808306,
        "nauc_precision_at_3_max": 0.8926496092076308,
        "nauc_precision_at_3_std": -0.5279918928962817,
        "nauc_precision_at_5_diff1": 0.9836610790573262,
        "nauc_precision_at_5_max": 1.0,
        "nauc_precision_at_5_std": -0.5470125945739528,
        "nauc_recall_at_1000_diff1": 1.0,
        "nauc_recall_at_1000_max": 1.0,
        "nauc_recall_at_1000_std": 1.0,
        "nauc_recall_at_100_diff1": 1.0,
        "nauc_recall_at_100_max": 1.0,
        "nauc_recall_at_100_std": 1.0,
        "nauc_recall_at_10_diff1": 1.0,
        "nauc_recall_at_10_max": 1.0,
        "nauc_recall_at_10_std": -0.30383565359401044,
        "nauc_recall_at_1_diff1": 0.9756885424509194,
        "nauc_recall_at_1_max": 0.6031797165872228,
        "nauc_recall_at_1_std": -0.35348255614957264,
        "nauc_recall_at_20_diff1": 1.0,
        "nauc_recall_at_20_max": 1.0,
        "nauc_recall_at_20_std": 1.0,
        "nauc_recall_at_3_diff1": 0.9769332880808532,
        "nauc_recall_at_3_max": 0.8926496092075891,
        "nauc_recall_at_3_std": -0.5279918928963362,
        "nauc_recall_at_5_diff1": 0.9836610790573017,
        "nauc_recall_at_5_max": 1.0,
        "nauc_recall_at_5_std": -0.5470125945739678,
        "ndcg_at_1": 0.96814,
        "ndcg_at_10": 0.98678,
        "ndcg_at_100": 0.98687,
        "ndcg_at_1000": 0.98687,
        "ndcg_at_20": 0.98687,
        "ndcg_at_3": 0.98585,
        "ndcg_at_5": 0.9865,
        "precision_at_1": 0.96814,
        "precision_at_10": 0.09995,
        "precision_at_100": 0.01,
        "precision_at_1000": 0.001,
        "precision_at_20": 0.04999,
        "precision_at_3": 0.33235,
        "precision_at_5": 0.19972,
        "recall_at_1": 0.96814,
        "recall_at_10": 0.99948,
        "recall_at_100": 0.99983,
        "recall_at_1000": 0.99983,
        "recall_at_20": 0.99983,
        "recall_at_3": 0.99704,
        "recall_at_5": 0.99861
      }
    ]
  },
  "task_name": "TradeTheEventEncyclopediaRetrieval"
}