{
  "dataset_revision": "9d499d833355b8ef1810073e5f2aa174d743d4d0",
  "evaluation_time": 84.40408110618591,
  "kg_co2_emissions": null,
  "mteb_version": "1.12.49",
  "scores": {
    "train": [
      {
        "hf_subset": "default",
        "languages": [
          "eng-Latn"
        ],
        "main_score": 0.96308,
        "map_at_1": 0.9446,
        "map_at_10": 0.95786,
        "map_at_100": 0.95843,
        "map_at_1000": 0.95846,
        "map_at_20": 0.95822,
        "map_at_3": 0.95608,
        "map_at_5": 0.95715,
        "mrr_at_1": 0.9446,
        "mrr_at_10": 0.9578599206349206,
        "mrr_at_100": 0.9584296781597763,
        "mrr_at_1000": 0.9584551170825892,
        "mrr_at_20": 0.9582206760473788,
        "mrr_at_3": 0.9560833333333334,
        "mrr_at_5": 0.9571533333333333,
        "nauc_map_at_1000_diff1": 0.9876880988544999,
        "nauc_map_at_1000_max": 0.7869758267782465,
        "nauc_map_at_1000_std": -0.41944211236001966,
        "nauc_map_at_100_diff1": 0.987693337631815,
        "nauc_map_at_100_max": 0.7870697511548472,
        "nauc_map_at_100_std": -0.41909314922977964,
        "nauc_map_at_10_diff1": 0.987673802582535,
        "nauc_map_at_10_max": 0.7869168184633756,
        "nauc_map_at_10_std": -0.4277779008734201,
        "nauc_map_at_1_diff1": 0.9871994525848834,
        "nauc_map_at_1_max": 0.747658148698707,
        "nauc_map_at_1_std": -0.4305888420350097,
        "nauc_map_at_20_diff1": 0.987692812629112,
        "nauc_map_at_20_max": 0.7870663526301367,
        "nauc_map_at_20_std": -0.42202950467980377,
        "nauc_map_at_3_diff1": 0.9874427949547965,
        "nauc_map_at_3_max": 0.7886330496778089,
        "nauc_map_at_3_std": -0.4396139733565838,
        "nauc_map_at_5_diff1": 0.9874800550374205,
        "nauc_map_at_5_max": 0.7880393820304958,
        "nauc_map_at_5_std": -0.43020256440317856,
        "nauc_mrr_at_1000_diff1": 0.9876880986487288,
        "nauc_mrr_at_1000_max": 0.7869758232179282,
        "nauc_mrr_at_1000_std": -0.4194421165066784,
        "nauc_mrr_at_100_diff1": 0.987693337631815,
        "nauc_mrr_at_100_max": 0.7870697511548472,
        "nauc_mrr_at_100_std": -0.41909314922977964,
        "nauc_mrr_at_10_diff1": 0.987673802582535,
        "nauc_mrr_at_10_max": 0.7869168184633756,
        "nauc_mrr_at_10_std": -0.4277779008734201,
        "nauc_mrr_at_1_diff1": 0.9871994525848834,
        "nauc_mrr_at_1_max": 0.747658148698707,
        "nauc_mrr_at_1_std": -0.4305888420350097,
        "nauc_mrr_at_20_diff1": 0.987692812629112,
        "nauc_mrr_at_20_max": 0.7870663526301367,
        "nauc_mrr_at_20_std": -0.42202950467980377,
        "nauc_mrr_at_3_diff1": 0.9874427949547965,
        "nauc_mrr_at_3_max": 0.7886330496778089,
        "nauc_mrr_at_3_std": -0.4396139733565838,
        "nauc_mrr_at_5_diff1": 0.9874800550374205,
        "nauc_mrr_at_5_max": 0.7880393820304958,
        "nauc_mrr_at_5_std": -0.43020256440317856,
        "nauc_ndcg_at_1000_diff1": 0.9880037262679825,
        "nauc_ndcg_at_1000_max": 0.7970252204782394,
        "nauc_ndcg_at_1000_std": -0.3879511952221636,
        "nauc_ndcg_at_100_diff1": 0.9882199074016842,
        "nauc_ndcg_at_100_max": 0.8007366660292807,
        "nauc_ndcg_at_100_std": -0.3709787394430439,
        "nauc_ndcg_at_10_diff1": 0.9880708936756645,
        "nauc_ndcg_at_10_max": 0.7998557515694914,
        "nauc_ndcg_at_10_std": -0.4164554075824793,
        "nauc_ndcg_at_1_diff1": 0.9871994525848834,
        "nauc_ndcg_at_1_max": 0.747658148698707,
        "nauc_ndcg_at_1_std": -0.4305888420350097,
        "nauc_ndcg_at_20_diff1": 0.9881857230732404,
        "nauc_ndcg_at_20_max": 0.8009790934699433,
        "nauc_ndcg_at_20_std": -0.3926168788935548,
        "nauc_ndcg_at_3_diff1": 0.9874862007805927,
        "nauc_ndcg_at_3_max": 0.8026559326251582,
        "nauc_ndcg_at_3_std": -0.4424176381185697,
        "nauc_ndcg_at_5_diff1": 0.9875662138134322,
        "nauc_ndcg_at_5_max": 0.8022792609200222,
        "nauc_ndcg_at_5_std": -0.42348160638932114,
        "nauc_precision_at_1000_diff1": 0.9945533769062976,
        "nauc_precision_at_1000_max": 1.0,
        "nauc_precision_at_1000_std": 0.8812830687830453,
        "nauc_precision_at_100_diff1": 0.9969949665690209,
        "nauc_precision_at_100_max": 0.9760402245189322,
        "nauc_precision_at_100_std": 0.546433132640006,
        "nauc_precision_at_10_diff1": 0.9906629318394033,
        "nauc_precision_at_10_max": 0.8707305144280029,
        "nauc_precision_at_10_std": -0.33941354319506384,
        "nauc_precision_at_1_diff1": 0.9871994525848834,
        "nauc_precision_at_1_max": 0.747658148698707,
        "nauc_precision_at_1_std": -0.4305888420350097,
        "nauc_precision_at_20_diff1": 0.9926008139104624,
        "nauc_precision_at_20_max": 0.9034053873121508,
        "nauc_precision_at_20_std": -0.10873573748157525,
        "nauc_precision_at_3_diff1": 0.9876389949919316,
        "nauc_precision_at_3_max": 0.858761686492775,
        "nauc_precision_at_3_std": -0.4534859398304717,
        "nauc_precision_at_5_diff1": 0.9879633787357264,
        "nauc_precision_at_5_max": 0.8676381494073477,
        "nauc_precision_at_5_std": -0.38681655868455694,
        "nauc_recall_at_1000_diff1": 0.9945533769063366,
        "nauc_recall_at_1000_max": 1.0,
        "nauc_recall_at_1000_std": 0.8812830687830567,
        "nauc_recall_at_100_diff1": 0.9969949665689984,
        "nauc_recall_at_100_max": 0.9760402245189218,
        "nauc_recall_at_100_std": 0.54643313264002,
        "nauc_recall_at_10_diff1": 0.9906629318394035,
        "nauc_recall_at_10_max": 0.8707305144279935,
        "nauc_recall_at_10_std": -0.3394135431950565,
        "nauc_recall_at_1_diff1": 0.9871994525848834,
        "nauc_recall_at_1_max": 0.747658148698707,
        "nauc_recall_at_1_std": -0.4305888420350097,
        "nauc_recall_at_20_diff1": 0.9926008139104707,
        "nauc_recall_at_20_max": 0.90340538731216,
        "nauc_recall_at_20_std": -0.10873573748157618,
        "nauc_recall_at_3_diff1": 0.9876389949919359,
        "nauc_recall_at_3_max": 0.8587616864927768,
        "nauc_recall_at_3_std": -0.4534859398304748,
        "nauc_recall_at_5_diff1": 0.9879633787357192,
        "nauc_recall_at_5_max": 0.8676381494073474,
        "nauc_recall_at_5_std": -0.3868165586845432,
        "ndcg_at_1": 0.9446,
        "ndcg_at_10": 0.96308,
        "ndcg_at_100": 0.96576,
        "ndcg_at_1000": 0.96653,
        "ndcg_at_20": 0.96438,
        "ndcg_at_3": 0.95948,
        "ndcg_at_5": 0.96139,
        "precision_at_1": 0.9446,
        "precision_at_10": 0.0979,
        "precision_at_100": 0.00991,
        "precision_at_1000": 0.001,
        "precision_at_20": 0.0492,
        "precision_at_3": 0.32307,
        "precision_at_5": 0.19476,
        "recall_at_1": 0.9446,
        "recall_at_10": 0.979,
        "recall_at_100": 0.9913,
        "recall_at_1000": 0.9976,
        "recall_at_20": 0.9841,
        "recall_at_3": 0.9692,
        "recall_at_5": 0.9738
      }
    ]
  },
  "task_name": "TradeTheEventNewsRetrieval"
}