{
  "dataset_revision": "dda970333494c509262e91d2b44d43430e985b3c",
  "evaluation_time": 63.40473008155823,
  "kg_co2_emissions": null,
  "mteb_version": "1.12.49",
  "scores": {
    "train": [
      {
        "hf_subset": "default",
        "languages": [
          "eng-Latn"
        ],
        "main_score": 0.93068,
        "map_at_1": 0.87859,
        "map_at_10": 0.91587,
        "map_at_100": 0.91665,
        "map_at_1000": 0.91667,
        "map_at_20": 0.9164,
        "map_at_3": 0.91097,
        "map_at_5": 0.91397,
        "mrr_at_1": 0.8785878587858786,
        "mrr_at_10": 0.9158697218928241,
        "mrr_at_100": 0.9166521004554449,
        "mrr_at_1000": 0.9166730368318261,
        "mrr_at_20": 0.9164032686104282,
        "mrr_at_3": 0.910974430776411,
        "mrr_at_5": 0.913969730306364,
        "nauc_map_at_1000_diff1": 0.9070351361977428,
        "nauc_map_at_1000_max": 0.7270011235118208,
        "nauc_map_at_1000_std": -0.2586087824606647,
        "nauc_map_at_100_diff1": 0.9070333518809417,
        "nauc_map_at_100_max": 0.7270518444808314,
        "nauc_map_at_100_std": -0.25850241622919556,
        "nauc_map_at_10_diff1": 0.9070600514166335,
        "nauc_map_at_10_max": 0.7285380143807709,
        "nauc_map_at_10_std": -0.2597021359997162,
        "nauc_map_at_1_diff1": 0.9055788087174546,
        "nauc_map_at_1_max": 0.6795152440944365,
        "nauc_map_at_1_std": -0.2593582977020301,
        "nauc_map_at_20_diff1": 0.9071088475118553,
        "nauc_map_at_20_max": 0.7275979255501427,
        "nauc_map_at_20_std": -0.25843007664590995,
        "nauc_map_at_3_diff1": 0.9068114503948586,
        "nauc_map_at_3_max": 0.7323822154083638,
        "nauc_map_at_3_std": -0.2690585555098263,
        "nauc_map_at_5_diff1": 0.9071229257118189,
        "nauc_map_at_5_max": 0.7302705461520577,
        "nauc_map_at_5_std": -0.26364047622275666,
        "nauc_mrr_at_1000_diff1": 0.9070360316845362,
        "nauc_mrr_at_1000_max": 0.7269946502375918,
        "nauc_mrr_at_1000_std": -0.258635521458553,
        "nauc_mrr_at_100_diff1": 0.9070342496235633,
        "nauc_mrr_at_100_max": 0.7270453540756043,
        "nauc_mrr_at_100_std": -0.2585292336379252,
        "nauc_mrr_at_10_diff1": 0.9070611388203996,
        "nauc_mrr_at_10_max": 0.7285302011143733,
        "nauc_mrr_at_10_std": -0.25973463054951856,
        "nauc_mrr_at_1_diff1": 0.9055788087174546,
        "nauc_mrr_at_1_max": 0.6795152440944365,
        "nauc_mrr_at_1_std": -0.2593582977020301,
        "nauc_mrr_at_20_diff1": 0.9071097516092912,
        "nauc_mrr_at_20_max": 0.727591415297133,
        "nauc_mrr_at_20_std": -0.2584570282588463,
        "nauc_mrr_at_3_diff1": 0.9068114503948586,
        "nauc_mrr_at_3_max": 0.7323822154083638,
        "nauc_mrr_at_3_std": -0.2690585555098263,
        "nauc_mrr_at_5_diff1": 0.9071229257118189,
        "nauc_mrr_at_5_max": 0.7302705461520577,
        "nauc_mrr_at_5_std": -0.26364047622275666,
        "nauc_ndcg_at_1000_diff1": 0.9074353139446438,
        "nauc_ndcg_at_1000_max": 0.7362690564270791,
        "nauc_ndcg_at_1000_std": -0.24774014575293327,
        "nauc_ndcg_at_100_diff1": 0.907395719825413,
        "nauc_ndcg_at_100_max": 0.7381987689885238,
        "nauc_ndcg_at_100_std": -0.24211352529479094,
        "nauc_ndcg_at_10_diff1": 0.9078995056947017,
        "nauc_ndcg_at_10_max": 0.7465861780762826,
        "nauc_ndcg_at_10_std": -0.2485142820549342,
        "nauc_ndcg_at_1_diff1": 0.9055788087174546,
        "nauc_ndcg_at_1_max": 0.6795152440944365,
        "nauc_ndcg_at_1_std": -0.2593582977020301,
        "nauc_ndcg_at_20_diff1": 0.9080309032069741,
        "nauc_ndcg_at_20_max": 0.7427458563360717,
        "nauc_ndcg_at_20_std": -0.2423600926780831,
        "nauc_ndcg_at_3_diff1": 0.9074510087253223,
        "nauc_ndcg_at_3_max": 0.7533728953679175,
        "nauc_ndcg_at_3_std": -0.27173138748765285,
        "nauc_ndcg_at_5_diff1": 0.908094394651016,
        "nauc_ndcg_at_5_max": 0.7504265224370115,
        "nauc_ndcg_at_5_std": -0.26019783573713584,
        "nauc_precision_at_1000_diff1": 0.914585819243284,
        "nauc_precision_at_1000_max": 0.9762326533013513,
        "nauc_precision_at_1000_std": 0.5686943143102935,
        "nauc_precision_at_100_diff1": 0.9072614773973012,
        "nauc_precision_at_100_max": 0.9572155222488664,
        "nauc_precision_at_100_std": 0.4548708003823176,
        "nauc_precision_at_10_diff1": 0.9159299563664263,
        "nauc_precision_at_10_max": 0.9134585091989456,
        "nauc_precision_at_10_std": -0.11596474111042226,
        "nauc_precision_at_1_diff1": 0.9055788087174546,
        "nauc_precision_at_1_max": 0.6795152440944365,
        "nauc_precision_at_1_std": -0.2593582977020301,
        "nauc_precision_at_20_diff1": 0.9208202123530437,
        "nauc_precision_at_20_max": 0.9292208213230658,
        "nauc_precision_at_20_std": 0.04451940710579892,
        "nauc_precision_at_3_diff1": 0.9106294886680265,
        "nauc_precision_at_3_max": 0.8548290042921174,
        "nauc_precision_at_3_std": -0.28396533048498557,
        "nauc_precision_at_5_diff1": 0.9144600156265502,
        "nauc_precision_at_5_max": 0.8756916036264116,
        "nauc_precision_at_5_std": -0.2329679851843426,
        "nauc_recall_at_1000_diff1": 0.9145858192432976,
        "nauc_recall_at_1000_max": 0.9762326533013753,
        "nauc_recall_at_1000_std": 0.5686943143102063,
        "nauc_recall_at_100_diff1": 0.9072614773972937,
        "nauc_recall_at_100_max": 0.957215522248848,
        "nauc_recall_at_100_std": 0.4548708003823336,
        "nauc_recall_at_10_diff1": 0.9159299563664306,
        "nauc_recall_at_10_max": 0.9134585091989446,
        "nauc_recall_at_10_std": -0.11596474111041467,
        "nauc_recall_at_1_diff1": 0.9055788087174546,
        "nauc_recall_at_1_max": 0.6795152440944365,
        "nauc_recall_at_1_std": -0.2593582977020301,
        "nauc_recall_at_20_diff1": 0.9208202123530368,
        "nauc_recall_at_20_max": 0.9292208213230587,
        "nauc_recall_at_20_std": 0.04451940710580235,
        "nauc_recall_at_3_diff1": 0.9106294886680242,
        "nauc_recall_at_3_max": 0.8548290042921163,
        "nauc_recall_at_3_std": -0.2839653304849827,
        "nauc_recall_at_5_diff1": 0.9144600156265453,
        "nauc_recall_at_5_max": 0.8756916036264069,
        "nauc_recall_at_5_std": -0.2329679851843358,
        "ndcg_at_1": 0.87859,
        "ndcg_at_10": 0.93068,
        "ndcg_at_100": 0.9344,
        "ndcg_at_1000": 0.935,
        "ndcg_at_20": 0.93263,
        "ndcg_at_3": 0.92075,
        "ndcg_at_5": 0.92615,
        "precision_at_1": 0.87859,
        "precision_at_10": 0.09758,
        "precision_at_100": 0.00993,
        "precision_at_1000": 0.001,
        "precision_at_20": 0.04917,
        "precision_at_3": 0.31626,
        "precision_at_5": 0.19238,
        "recall_at_1": 0.87859,
        "recall_at_10": 0.9758,
        "recall_at_100": 0.993,
        "recall_at_1000": 0.9978,
        "recall_at_20": 0.9835,
        "recall_at_3": 0.94879,
        "recall_at_5": 0.9619
      }
    ]
  },
  "task_name": "USNewsRetrieval"
}