{
  "dataset_revision": "27d0b84029e5de607fc7a8e2fb2a315e9b71f570",
  "evaluation_time": 0.19707608222961426,
  "kg_co2_emissions": null,
  "mteb_version": "1.12.49",
  "scores": {
    "train": [
      {
        "hf_subset": "default",
        "languages": [
          "eng-Latn"
        ],
        "main_score": 0.86125,
        "map_at_1": 0.73,
        "map_at_10": 0.82783,
        "map_at_100": 0.82976,
        "map_at_1000": 0.82976,
        "map_at_20": 0.82905,
        "map_at_3": 0.82,
        "map_at_5": 0.8245,
        "mrr_at_1": 0.73,
        "mrr_at_10": 0.8245,
        "mrr_at_100": 0.8264275210084034,
        "mrr_at_1000": 0.8264275210084034,
        "mrr_at_20": 0.8257132352941177,
        "mrr_at_3": 0.8166666666666668,
        "mrr_at_5": 0.8211666666666666,
        "nauc_map_at_1000_diff1": 0.6910663551588003,
        "nauc_map_at_1000_max": 0.2770686981716476,
        "nauc_map_at_1000_std": -0.3107776218198256,
        "nauc_map_at_100_diff1": 0.6910663551588003,
        "nauc_map_at_100_max": 0.2770686981716476,
        "nauc_map_at_100_std": -0.3107776218198256,
        "nauc_map_at_10_diff1": 0.6855196767912617,
        "nauc_map_at_10_max": 0.2752716728571029,
        "nauc_map_at_10_std": -0.30913482490194616,
        "nauc_map_at_1_diff1": 0.7786077964968842,
        "nauc_map_at_1_max": 0.22998289724586746,
        "nauc_map_at_1_std": -0.4050207395466783,
        "nauc_map_at_20_diff1": 0.6904332927777995,
        "nauc_map_at_20_max": 0.2783499133406736,
        "nauc_map_at_20_std": -0.3123390234485879,
        "nauc_map_at_3_diff1": 0.6704336199389994,
        "nauc_map_at_3_max": 0.293632024971332,
        "nauc_map_at_3_std": -0.2783151964446303,
        "nauc_map_at_5_diff1": 0.673724028464959,
        "nauc_map_at_5_max": 0.2837351059998742,
        "nauc_map_at_5_std": -0.3006978259848437,
        "nauc_mrr_at_1000_diff1": 0.6926083654582188,
        "nauc_mrr_at_1000_max": 0.29638522448149446,
        "nauc_mrr_at_1000_std": -0.27920255073418837,
        "nauc_mrr_at_100_diff1": 0.6926083654582188,
        "nauc_mrr_at_100_max": 0.29638522448149446,
        "nauc_mrr_at_100_std": -0.27920255073418837,
        "nauc_mrr_at_10_diff1": 0.6871442897963674,
        "nauc_mrr_at_10_max": 0.29438625516147826,
        "nauc_mrr_at_10_std": -0.27797354104846583,
        "nauc_mrr_at_1_diff1": 0.7731034618333369,
        "nauc_mrr_at_1_max": 0.23989069964025306,
        "nauc_mrr_at_1_std": -0.3566612278597963,
        "nauc_mrr_at_20_diff1": 0.6919799602834694,
        "nauc_mrr_at_20_max": 0.29755517691925737,
        "nauc_mrr_at_20_std": -0.28087851502793276,
        "nauc_mrr_at_3_diff1": 0.6722444304182159,
        "nauc_mrr_at_3_max": 0.3115272225728784,
        "nauc_mrr_at_3_std": -0.2491572574046789,
        "nauc_mrr_at_5_diff1": 0.6755262813933189,
        "nauc_mrr_at_5_max": 0.30230473960796095,
        "nauc_mrr_at_5_std": -0.2703290123670358,
        "nauc_ndcg_at_1000_diff1": 0.6796247951286486,
        "nauc_ndcg_at_1000_max": 0.2809260322370404,
        "nauc_ndcg_at_1000_std": -0.3010628805711545,
        "nauc_ndcg_at_100_diff1": 0.6796247951286486,
        "nauc_ndcg_at_100_max": 0.2809260322370404,
        "nauc_ndcg_at_100_std": -0.3010628805711545,
        "nauc_ndcg_at_10_diff1": 0.6523556554104677,
        "nauc_ndcg_at_10_max": 0.2748853600294369,
        "nauc_ndcg_at_10_std": -0.2917304899962581,
        "nauc_ndcg_at_1_diff1": 0.7786077964968842,
        "nauc_ndcg_at_1_max": 0.22998289724586746,
        "nauc_ndcg_at_1_std": -0.4050207395466783,
        "nauc_ndcg_at_20_diff1": 0.6754141389499372,
        "nauc_ndcg_at_20_max": 0.29009535603859066,
        "nauc_ndcg_at_20_std": -0.3067542674154603,
        "nauc_ndcg_at_3_diff1": 0.6201058791897922,
        "nauc_ndcg_at_3_max": 0.3174754763621659,
        "nauc_ndcg_at_3_std": -0.22459015710652844,
        "nauc_ndcg_at_5_diff1": 0.6241384280588761,
        "nauc_ndcg_at_5_max": 0.2964198234190878,
        "nauc_ndcg_at_5_std": -0.2712111602307655,
        "nauc_precision_at_1000_diff1": NaN,
        "nauc_precision_at_1000_max": NaN,
        "nauc_precision_at_1000_std": NaN,
        "nauc_precision_at_100_diff1": NaN,
        "nauc_precision_at_100_max": NaN,
        "nauc_precision_at_100_std": NaN,
        "nauc_precision_at_10_diff1": 0.31676003734827635,
        "nauc_precision_at_10_max": 0.22572362278244915,
        "nauc_precision_at_10_std": -0.1587301587301559,
        "nauc_precision_at_1_diff1": 0.7786077964968842,
        "nauc_precision_at_1_max": 0.22998289724586746,
        "nauc_precision_at_1_std": -0.4050207395466783,
        "nauc_precision_at_20_diff1": 0.5541549953314648,
        "nauc_precision_at_20_max": 0.5541549953314648,
        "nauc_precision_at_20_std": -0.3968253968253954,
        "nauc_precision_at_3_diff1": 0.32761437908496577,
        "nauc_precision_at_3_max": 0.45238095238095405,
        "nauc_precision_at_3_std": 0.08432539682539718,
        "nauc_precision_at_5_diff1": 0.25210084033613345,
        "nauc_precision_at_5_max": 0.3768285091814503,
        "nauc_precision_at_5_std": -0.0746965452847814,
        "nauc_recall_at_1000_diff1": NaN,
        "nauc_recall_at_1000_max": NaN,
        "nauc_recall_at_1000_std": NaN,
        "nauc_recall_at_100_diff1": NaN,
        "nauc_recall_at_100_max": NaN,
        "nauc_recall_at_100_std": NaN,
        "nauc_recall_at_10_diff1": 0.3167600373482754,
        "nauc_recall_at_10_max": 0.22572362278244754,
        "nauc_recall_at_10_std": -0.15873015873015867,
        "nauc_recall_at_1_diff1": 0.7786077964968842,
        "nauc_recall_at_1_max": 0.22998289724586746,
        "nauc_recall_at_1_std": -0.4050207395466783,
        "nauc_recall_at_20_diff1": 0.5541549953314666,
        "nauc_recall_at_20_max": 0.5541549953314666,
        "nauc_recall_at_20_std": -0.3968253968254016,
        "nauc_recall_at_3_diff1": 0.3276143790849669,
        "nauc_recall_at_3_max": 0.4523809523809528,
        "nauc_recall_at_3_std": 0.08432539682539561,
        "nauc_recall_at_5_diff1": 0.25210084033613506,
        "nauc_recall_at_5_max": 0.37682850918144944,
        "nauc_recall_at_5_std": -0.07469654528478069,
        "ndcg_at_1": 0.73,
        "ndcg_at_10": 0.86125,
        "ndcg_at_100": 0.87018,
        "ndcg_at_1000": 0.87018,
        "ndcg_at_20": 0.86609,
        "ndcg_at_3": 0.84595,
        "ndcg_at_5": 0.85412,
        "precision_at_1": 0.73,
        "precision_at_10": 0.096,
        "precision_at_100": 0.01,
        "precision_at_1000": 0.001,
        "precision_at_20": 0.049,
        "precision_at_3": 0.30667,
        "precision_at_5": 0.188,
        "recall_at_1": 0.73,
        "recall_at_10": 0.96,
        "recall_at_100": 1.0,
        "recall_at_1000": 1.0,
        "recall_at_20": 0.98,
        "recall_at_3": 0.92,
        "recall_at_5": 0.94
      }
    ]
  },
  "task_name": "Apple10KRetrieval"
}