{
  "dataset_revision": "4738010357e3dda4b337abbde86d5b36c3118c8f",
  "evaluation_time": 0.3478536605834961,
  "kg_co2_emissions": null,
  "mteb_version": "1.12.49",
  "scores": {
    "train": [
      {
        "hf_subset": "default",
        "languages": [
          "eng-Latn"
        ],
        "main_score": 0.69456,
        "map_at_1": 0.42222,
        "map_at_10": 0.61006,
        "map_at_100": 0.61336,
        "map_at_1000": 0.61342,
        "map_at_20": 0.61182,
        "map_at_3": 0.55611,
        "map_at_5": 0.59044,
        "mrr_at_1": 0.46,
        "mrr_at_10": 0.6324576719576719,
        "mrr_at_100": 0.6341878762562974,
        "mrr_at_1000": 0.6342479363163573,
        "mrr_at_20": 0.6338732563732564,
        "mrr_at_3": 0.6055555555555555,
        "mrr_at_5": 0.6195555555555555,
        "nauc_map_at_1000_diff1": 0.19421510065914133,
        "nauc_map_at_1000_max": 0.25738701032270933,
        "nauc_map_at_1000_std": 0.11926929685872253,
        "nauc_map_at_100_diff1": 0.19419926269941606,
        "nauc_map_at_100_max": 0.25749007301066607,
        "nauc_map_at_100_std": 0.11946457138033421,
        "nauc_map_at_10_diff1": 0.19223428168253986,
        "nauc_map_at_10_max": 0.2567464242052119,
        "nauc_map_at_10_std": 0.11608493443814787,
        "nauc_map_at_1_diff1": 0.24958910097624945,
        "nauc_map_at_1_max": 0.24892612560104935,
        "nauc_map_at_1_std": 0.09740346787119351,
        "nauc_map_at_20_diff1": 0.19412693441275988,
        "nauc_map_at_20_max": 0.25764741485753223,
        "nauc_map_at_20_std": 0.11986818485652176,
        "nauc_map_at_3_diff1": 0.218552347668424,
        "nauc_map_at_3_max": 0.2610077279683249,
        "nauc_map_at_3_std": 0.12056439416598347,
        "nauc_map_at_5_diff1": 0.19275203572578803,
        "nauc_map_at_5_max": 0.26457566506655383,
        "nauc_map_at_5_std": 0.12158815766928369,
        "nauc_mrr_at_1000_diff1": 0.20602500186112885,
        "nauc_mrr_at_1000_max": 0.2635028519509539,
        "nauc_mrr_at_1000_std": 0.15397481601316987,
        "nauc_mrr_at_100_diff1": 0.2060059897999018,
        "nauc_mrr_at_100_max": 0.2636076204878666,
        "nauc_mrr_at_100_std": 0.15416804269262036,
        "nauc_mrr_at_10_diff1": 0.2047180375085357,
        "nauc_mrr_at_10_max": 0.26404237598325325,
        "nauc_mrr_at_10_std": 0.15233048842885005,
        "nauc_mrr_at_1_diff1": 0.238828589699789,
        "nauc_mrr_at_1_max": 0.24814941350643432,
        "nauc_mrr_at_1_std": 0.1346088144858217,
        "nauc_mrr_at_20_diff1": 0.20574690000305432,
        "nauc_mrr_at_20_max": 0.26385676700818483,
        "nauc_mrr_at_20_std": 0.15458248702496308,
        "nauc_mrr_at_3_diff1": 0.20517177142260667,
        "nauc_mrr_at_3_max": 0.254387654272102,
        "nauc_mrr_at_3_std": 0.14261698761503522,
        "nauc_mrr_at_5_diff1": 0.19958118605049013,
        "nauc_mrr_at_5_max": 0.2614531339574336,
        "nauc_mrr_at_5_std": 0.14817996206175207,
        "nauc_ndcg_at_1000_diff1": 0.17707374068941195,
        "nauc_ndcg_at_1000_max": 0.2656494308324191,
        "nauc_ndcg_at_1000_std": 0.1309330281307507,
        "nauc_ndcg_at_100_diff1": 0.17682138493307695,
        "nauc_ndcg_at_100_max": 0.2677716637504947,
        "nauc_ndcg_at_100_std": 0.13497260861056548,
        "nauc_ndcg_at_10_diff1": 0.16910124324361803,
        "nauc_ndcg_at_10_max": 0.26780095574150464,
        "nauc_ndcg_at_10_std": 0.1264376946662359,
        "nauc_ndcg_at_1_diff1": 0.2022318639055858,
        "nauc_ndcg_at_1_max": 0.22523695952546494,
        "nauc_ndcg_at_1_std": 0.10241403891680681,
        "nauc_ndcg_at_20_diff1": 0.17310669274618873,
        "nauc_ndcg_at_20_max": 0.26964440817252855,
        "nauc_ndcg_at_20_std": 0.13732276033588037,
        "nauc_ndcg_at_3_diff1": 0.19506997988985483,
        "nauc_ndcg_at_3_max": 0.2649548178350277,
        "nauc_ndcg_at_3_std": 0.13544364533022285,
        "nauc_ndcg_at_5_diff1": 0.17027100235946996,
        "nauc_ndcg_at_5_max": 0.2783368683268784,
        "nauc_ndcg_at_5_std": 0.13682482986658143,
        "nauc_precision_at_1000_diff1": -0.1966960929988636,
        "nauc_precision_at_1000_max": -0.1644174460274449,
        "nauc_precision_at_1000_std": -0.1005331701774321,
        "nauc_precision_at_100_diff1": -0.19082469627290816,
        "nauc_precision_at_100_max": -0.14812272633674217,
        "nauc_precision_at_100_std": -0.08030750223076426,
        "nauc_precision_at_10_diff1": -0.17298911883934212,
        "nauc_precision_at_10_max": -0.09421804992532391,
        "nauc_precision_at_10_std": -0.07077448261147716,
        "nauc_precision_at_1_diff1": 0.2022318639055858,
        "nauc_precision_at_1_max": 0.22523695952546494,
        "nauc_precision_at_1_std": 0.10241403891680681,
        "nauc_precision_at_20_diff1": -0.18659023459581622,
        "nauc_precision_at_20_max": -0.11536355285471957,
        "nauc_precision_at_20_std": -0.062252685132842406,
        "nauc_precision_at_3_diff1": 0.03285418960953555,
        "nauc_precision_at_3_max": 0.08372456964006181,
        "nauc_precision_at_3_std": 0.06217276222492622,
        "nauc_precision_at_5_diff1": -0.1025342242503253,
        "nauc_precision_at_5_max": 0.015034224250326179,
        "nauc_precision_at_5_std": 0.012222946544980825,
        "nauc_recall_at_1000_diff1": 0.08556756035747824,
        "nauc_recall_at_1000_max": 0.6702014138988949,
        "nauc_recall_at_1000_std": 0.24323062558357075,
        "nauc_recall_at_100_diff1": 0.09673202614378944,
        "nauc_recall_at_100_max": 0.6858076563958866,
        "nauc_recall_at_100_std": 0.47026143790849595,
        "nauc_recall_at_10_diff1": 0.05148068752166391,
        "nauc_recall_at_10_max": 0.3900555819416476,
        "nauc_recall_at_10_std": 0.168645623403465,
        "nauc_recall_at_1_diff1": 0.24958910097624945,
        "nauc_recall_at_1_max": 0.24892612560104935,
        "nauc_recall_at_1_std": 0.09740346787119351,
        "nauc_recall_at_20_diff1": 0.05458789576436843,
        "nauc_recall_at_20_max": 0.4509973686444321,
        "nauc_recall_at_20_std": 0.3102537984890951,
        "nauc_recall_at_3_diff1": 0.1767919602861473,
        "nauc_recall_at_3_max": 0.29580617930796543,
        "nauc_recall_at_3_std": 0.17666256574988262,
        "nauc_recall_at_5_diff1": 0.11825597343535638,
        "nauc_recall_at_5_max": 0.365255179383527,
        "nauc_recall_at_5_std": 0.19448494910849667,
        "ndcg_at_1": 0.47333,
        "ndcg_at_10": 0.69456,
        "ndcg_at_100": 0.70806,
        "ndcg_at_1000": 0.70904,
        "ndcg_at_20": 0.70013,
        "ndcg_at_3": 0.60635,
        "ndcg_at_5": 0.65446,
        "precision_at_1": 0.47333,
        "precision_at_10": 0.11467,
        "precision_at_100": 0.01233,
        "precision_at_1000": 0.00124,
        "precision_at_20": 0.05867,
        "precision_at_3": 0.28,
        "precision_at_5": 0.19867,
        "recall_at_1": 0.42222,
        "recall_at_10": 0.91889,
        "recall_at_100": 0.97778,
        "recall_at_1000": 0.98444,
        "recall_at_20": 0.93889,
        "recall_at_3": 0.70111,
        "recall_at_5": 0.80556
      }
    ]
  },
  "task_name": "FinanceBenchRetrieval"
}