{
  "dataset_revision": "00506d0f1853ebe9fcc5112fb36a4cc4cc521695",
  "evaluation_time": 0.3975183963775635,
  "kg_co2_emissions": null,
  "mteb_version": "1.12.49",
  "scores": {
    "test": [
      {
        "cosine_pearson": 0.4279316048396914,
        "cosine_spearman": 0.41387679329428817,
        "euclidean_pearson": 0.3934673606911786,
        "euclidean_spearman": 0.41387679329428817,
        "hf_subset": "default",
        "languages": [
          "eng-Latn"
        ],
        "main_score": 0.41387679329428817,
        "manhattan_pearson": 0.39620742176732016,
        "manhattan_spearman": 0.41656145409291745,
        "pearson": [
          0.42793161859042095,
          3.0517660725162863e-19
        ],
        "spearman": [
          0.4138767544927343,
          5.513797075545937e-18
        ]
      }
    ]
  },
  "task_name": "FINAL"
}