{
  "dataset_revision": "70435b4984c687051ecf38b9d2686f33345dcced",
  "evaluation_time": 4.469493865966797,
  "kg_co2_emissions": null,
  "mteb_version": "1.12.49",
  "scores": {
    "test": [
      {
        "hf_subset": "default",
        "languages": [
          "eng-Latn"
        ],
        "main_score": 0.989290909090909,
        "map": 0.989290909090909,
        "mrr": 0.9892000000000001,
        "nAUC_map_diff1": 1.0,
        "nAUC_map_max": 0.9809275719342725,
        "nAUC_map_std": 0.9434802217434859,
        "nAUC_mrr_diff1": 1.0,
        "nAUC_mrr_max": 0.981088114258058,
        "nAUC_mrr_std": 0.9439559774527032
      }
    ]
  },
  "task_name": "FinFactReranking"
}