{
  "dataset_revision": "1d4500eefb223c2977187649928561e14108042a",
  "evaluation_time": 25.31630516052246,
  "kg_co2_emissions": null,
  "mteb_version": "1.12.49",
  "scores": {
    "train": [
      {
        "hf_subset": "default",
        "languages": [
          "eng-Latn"
        ],
        "main_score": 0.10633,
        "map_at_1": 0.03659,
        "map_at_10": 0.07904,
        "map_at_100": 0.08694,
        "map_at_1000": 0.08798,
        "map_at_20": 0.0831,
        "map_at_3": 0.06211,
        "map_at_5": 0.07112,
        "mrr_at_1": 0.037193575655114115,
        "mrr_at_10": 0.0792827049106484,
        "mrr_at_100": 0.08715858319718912,
        "mrr_at_1000": 0.08820571426936222,
        "mrr_at_20": 0.08330289921632314,
        "mrr_at_3": 0.0622509358773095,
        "mrr_at_5": 0.07150706436420722,
        "nauc_map_at_1000_diff1": -0.009243880852134468,
        "nauc_map_at_1000_max": 0.15460289523292314,
        "nauc_map_at_1000_std": -0.01939621528749121,
        "nauc_map_at_100_diff1": -0.00919638297390637,
        "nauc_map_at_100_max": 0.15432571054990432,
        "nauc_map_at_100_std": -0.02038966596079367,
        "nauc_map_at_10_diff1": -0.010833052974855985,
        "nauc_map_at_10_max": 0.14926502621304102,
        "nauc_map_at_10_std": -0.032474911063651,
        "nauc_map_at_1_diff1": 0.024376003200869634,
        "nauc_map_at_1_max": 0.12032739818209302,
        "nauc_map_at_1_std": -0.06680888426551738,
        "nauc_map_at_20_diff1": -0.008174099403853188,
        "nauc_map_at_20_max": 0.15327837956708396,
        "nauc_map_at_20_std": -0.026160635481007655,
        "nauc_map_at_3_diff1": -0.005171233508770456,
        "nauc_map_at_3_max": 0.14352119681797704,
        "nauc_map_at_3_std": -0.048449557810355655,
        "nauc_map_at_5_diff1": -0.006076927399608642,
        "nauc_map_at_5_max": 0.15075943906578435,
        "nauc_map_at_5_std": -0.042019804049614584,
        "nauc_mrr_at_1000_diff1": -0.009921273807084765,
        "nauc_mrr_at_1000_max": 0.17402534328416341,
        "nauc_mrr_at_1000_std": -0.0014197264595045467,
        "nauc_mrr_at_100_diff1": -0.00988109817572725,
        "nauc_mrr_at_100_max": 0.17368479246771695,
        "nauc_mrr_at_100_std": -0.0024735539847647323,
        "nauc_mrr_at_10_diff1": -0.010812795977906332,
        "nauc_mrr_at_10_max": 0.16991936732314245,
        "nauc_mrr_at_10_std": -0.013345122492004717,
        "nauc_mrr_at_1_diff1": 0.0129606242305316,
        "nauc_mrr_at_1_max": 0.18841173664638022,
        "nauc_mrr_at_1_std": -0.015970049879946203,
        "nauc_mrr_at_20_diff1": -0.00884461046678149,
        "nauc_mrr_at_20_max": 0.17277170121354907,
        "nauc_mrr_at_20_std": -0.008180180403810473,
        "nauc_mrr_at_3_diff1": -0.004501951926343497,
        "nauc_mrr_at_3_max": 0.16647206068911033,
        "nauc_mrr_at_3_std": -0.02432425421011949,
        "nauc_mrr_at_5_diff1": -0.0055793672812778855,
        "nauc_mrr_at_5_max": 0.17095696368504312,
        "nauc_mrr_at_5_std": -0.02381877701891949,
        "nauc_ndcg_at_1000_diff1": -0.018841523067923194,
        "nauc_ndcg_at_1000_max": 0.17621538375177248,
        "nauc_ndcg_at_1000_std": 0.04654243986015813,
        "nauc_ndcg_at_100_diff1": -0.015857496439683896,
        "nauc_ndcg_at_100_max": 0.1704843301723964,
        "nauc_ndcg_at_100_std": 0.030021193712577533,
        "nauc_ndcg_at_10_diff1": -0.01975653446718999,
        "nauc_ndcg_at_10_max": 0.15364257303361117,
        "nauc_ndcg_at_10_std": -0.017625845370711025,
        "nauc_ndcg_at_1_diff1": 0.024376003200869634,
        "nauc_ndcg_at_1_max": 0.12032739818209302,
        "nauc_ndcg_at_1_std": -0.06680888426551738,
        "nauc_ndcg_at_20_diff1": -0.012538406308371337,
        "nauc_ndcg_at_20_max": 0.16450573079873615,
        "nauc_ndcg_at_20_std": -0.0007613781432213551,
        "nauc_ndcg_at_3_diff1": -0.009898683265240087,
        "nauc_ndcg_at_3_max": 0.14747246176423814,
        "nauc_ndcg_at_3_std": -0.04376773242014948,
        "nauc_ndcg_at_5_diff1": -0.01075335098306715,
        "nauc_ndcg_at_5_max": 0.1576007051833391,
        "nauc_ndcg_at_5_std": -0.034601061183515906,
        "nauc_precision_at_1000_diff1": -0.04392296642070623,
        "nauc_precision_at_1000_max": 0.2358985583511873,
        "nauc_precision_at_1000_std": 0.22968576417798062,
        "nauc_precision_at_100_diff1": -0.023633904272207906,
        "nauc_precision_at_100_max": 0.1973252847287868,
        "nauc_precision_at_100_std": 0.12106746281459851,
        "nauc_precision_at_10_diff1": -0.0335551068607717,
        "nauc_precision_at_10_max": 0.15903884023060555,
        "nauc_precision_at_10_std": 0.005746099116191724,
        "nauc_precision_at_1_diff1": 0.024376003200869634,
        "nauc_precision_at_1_max": 0.12032739818209302,
        "nauc_precision_at_1_std": -0.06680888426551738,
        "nauc_precision_at_20_diff1": -0.017070959853404597,
        "nauc_precision_at_20_max": 0.18195584638336476,
        "nauc_precision_at_20_std": 0.03990174846540523,
        "nauc_precision_at_3_diff1": -0.018631946903827717,
        "nauc_precision_at_3_max": 0.15482850657797917,
        "nauc_precision_at_3_std": -0.03470745926492001,
        "nauc_precision_at_5_diff1": -0.018325599676708975,
        "nauc_precision_at_5_max": 0.16927461133341923,
        "nauc_precision_at_5_std": -0.02164744654927923,
        "nauc_recall_at_1000_diff1": -0.043922966420704826,
        "nauc_recall_at_1000_max": 0.23589855835118856,
        "nauc_recall_at_1000_std": 0.22968576417798145,
        "nauc_recall_at_100_diff1": -0.023633904272207826,
        "nauc_recall_at_100_max": 0.19732528472878702,
        "nauc_recall_at_100_std": 0.12106746281459861,
        "nauc_recall_at_10_diff1": -0.03355510686077172,
        "nauc_recall_at_10_max": 0.1590388402306058,
        "nauc_recall_at_10_std": 0.005746099116191838,
        "nauc_recall_at_1_diff1": 0.024376003200869634,
        "nauc_recall_at_1_max": 0.12032739818209302,
        "nauc_recall_at_1_std": -0.06680888426551738,
        "nauc_recall_at_20_diff1": -0.017070959853404465,
        "nauc_recall_at_20_max": 0.1819558463833649,
        "nauc_recall_at_20_std": 0.0399017484654055,
        "nauc_recall_at_3_diff1": -0.018631946903827763,
        "nauc_recall_at_3_max": 0.1548285065779791,
        "nauc_recall_at_3_std": -0.03470745926491998,
        "nauc_recall_at_5_diff1": -0.0183255996767089,
        "nauc_recall_at_5_max": 0.16927461133341934,
        "nauc_recall_at_5_std": -0.021647446549278963,
        "ndcg_at_1": 0.03659,
        "ndcg_at_10": 0.10633,
        "ndcg_at_100": 0.15036,
        "ndcg_at_1000": 0.18373,
        "ndcg_at_20": 0.1212,
        "ndcg_at_3": 0.07093,
        "ndcg_at_5": 0.08708,
        "precision_at_1": 0.03659,
        "precision_at_10": 0.01953,
        "precision_at_100": 0.00414,
        "precision_at_1000": 0.00069,
        "precision_at_20": 0.01272,
        "precision_at_3": 0.0322,
        "precision_at_5": 0.02712,
        "recall_at_1": 0.03659,
        "recall_at_10": 0.19527,
        "recall_at_100": 0.41432,
        "recall_at_1000": 0.68965,
        "recall_at_20": 0.25432,
        "recall_at_3": 0.09661,
        "recall_at_5": 0.13561
      }
    ]
  },
  "task_name": "FinQARetrieval"
}