{
  "dataset_revision": "09e270b1afe87a65dd41c6292e3c8905220bc290",
  "evaluation_time": 0.36009716987609863,
  "kg_co2_emissions": null,
  "mteb_version": "1.12.49",
  "scores": {
    "test": [
      {
        "cosine_pearson": 0.17997412245768318,
        "cosine_spearman": 0.20364917037968916,
        "euclidean_pearson": 0.19775454693204347,
        "euclidean_spearman": 0.20364917037968916,
        "hf_subset": "default",
        "languages": [
          "eng-Latn"
        ],
        "main_score": 0.20364917037968916,
        "manhattan_pearson": 0.19547660720450852,
        "manhattan_spearman": 0.20441371488117716,
        "pearson": [
          0.1799741242497035,
          0.0005040337053416719
        ],
        "spearman": [
          0.20364917037968916,
          7.965419527095992e-05
        ]
      }
    ]
  },
  "task_name": "FinSTS"
}