{
  "dataset_revision": "d52555df9c5c856a01931c112e03eaa0f2d8d6d4",
  "evaluation_time": 45.22202801704407,
  "kg_co2_emissions": null,
  "mteb_version": "1.12.49",
  "scores": {
    "train": [
      {
        "hf_subset": "default",
        "languages": [
          "eng-Latn"
        ],
        "main_score": 0.37012,
        "map_at_1": 0.18101,
        "map_at_10": 0.29536,
        "map_at_100": 0.31404,
        "map_at_1000": 0.31584,
        "map_at_20": 0.3052,
        "map_at_3": 0.25607,
        "map_at_5": 0.27692,
        "mrr_at_1": 0.3444645006016847,
        "mrr_at_10": 0.4338186804003591,
        "mrr_at_100": 0.44273814832280284,
        "mrr_at_1000": 0.44322884760331477,
        "mrr_at_20": 0.43893045982691303,
        "mrr_at_3": 0.40814279983955076,
        "mrr_at_5": 0.42262835940633775,
        "nauc_map_at_1000_diff1": 0.38540904300157747,
        "nauc_map_at_1000_max": 0.27587325239773697,
        "nauc_map_at_1000_std": -0.013619300902027724,
        "nauc_map_at_100_diff1": 0.3852748918012844,
        "nauc_map_at_100_max": 0.27472593013700036,
        "nauc_map_at_100_std": -0.014208223114951379,
        "nauc_map_at_10_diff1": 0.38692338362888645,
        "nauc_map_at_10_max": 0.2620192404180341,
        "nauc_map_at_10_std": -0.03032493395057685,
        "nauc_map_at_1_diff1": 0.4442302654108795,
        "nauc_map_at_1_max": 0.19064624670793054,
        "nauc_map_at_1_std": -0.06883709541748888,
        "nauc_map_at_20_diff1": 0.38568228449278036,
        "nauc_map_at_20_max": 0.26836023152999866,
        "nauc_map_at_20_std": -0.02216734654395978,
        "nauc_map_at_3_diff1": 0.3980912307660334,
        "nauc_map_at_3_max": 0.23613337484238112,
        "nauc_map_at_3_std": -0.05501800237239635,
        "nauc_map_at_5_diff1": 0.390121020034293,
        "nauc_map_at_5_max": 0.25027615770894396,
        "nauc_map_at_5_std": -0.042619034878146285,
        "nauc_mrr_at_1000_diff1": 0.41458524393760876,
        "nauc_mrr_at_1000_max": 0.3474665122231037,
        "nauc_mrr_at_1000_std": 0.007580491918908855,
        "nauc_mrr_at_100_diff1": 0.4143799280049065,
        "nauc_mrr_at_100_max": 0.3474929260798312,
        "nauc_mrr_at_100_std": 0.00784335758441223,
        "nauc_mrr_at_10_diff1": 0.41507561336227344,
        "nauc_mrr_at_10_max": 0.34632094544506775,
        "nauc_mrr_at_10_std": 0.004067008676277136,
        "nauc_mrr_at_1_diff1": 0.46239047445149173,
        "nauc_mrr_at_1_max": 0.3470746441289456,
        "nauc_mrr_at_1_std": -0.02128952349984367,
        "nauc_mrr_at_20_diff1": 0.4138953858503667,
        "nauc_mrr_at_20_max": 0.3469637574828646,
        "nauc_mrr_at_20_std": 0.007082329275589523,
        "nauc_mrr_at_3_diff1": 0.41970370255067924,
        "nauc_mrr_at_3_max": 0.3441043874319217,
        "nauc_mrr_at_3_std": -0.00579952167257616,
        "nauc_mrr_at_5_diff1": 0.41675966618424787,
        "nauc_mrr_at_5_max": 0.3460353301971068,
        "nauc_mrr_at_5_std": 0.00010395782143120399,
        "nauc_ndcg_at_1000_diff1": 0.37528697473850686,
        "nauc_ndcg_at_1000_max": 0.323238268457426,
        "nauc_ndcg_at_1000_std": 0.04211230100312052,
        "nauc_ndcg_at_100_diff1": 0.3698639010135272,
        "nauc_ndcg_at_100_max": 0.3126024395108709,
        "nauc_ndcg_at_100_std": 0.04452949527334823,
        "nauc_ndcg_at_10_diff1": 0.37586335450576,
        "nauc_ndcg_at_10_max": 0.2865255311276152,
        "nauc_ndcg_at_10_std": -0.0035816149005005707,
        "nauc_ndcg_at_1_diff1": 0.46239047445149173,
        "nauc_ndcg_at_1_max": 0.3470746441289456,
        "nauc_ndcg_at_1_std": -0.02128952349984367,
        "nauc_ndcg_at_20_diff1": 0.3707852304390238,
        "nauc_ndcg_at_20_max": 0.29405267789282835,
        "nauc_ndcg_at_20_std": 0.014338156570722162,
        "nauc_ndcg_at_3_diff1": 0.38283045038450497,
        "nauc_ndcg_at_3_max": 0.30025681698157386,
        "nauc_ndcg_at_3_std": -0.02020553043624219,
        "nauc_ndcg_at_5_diff1": 0.3784364665084997,
        "nauc_ndcg_at_5_max": 0.2859151033455909,
        "nauc_ndcg_at_5_std": -0.01674738143512131,
        "nauc_precision_at_1000_diff1": -0.021023501523582438,
        "nauc_precision_at_1000_max": 0.3150824649807429,
        "nauc_precision_at_1000_std": 0.19457306053087012,
        "nauc_precision_at_100_diff1": 0.04658535840477629,
        "nauc_precision_at_100_max": 0.3606890393750303,
        "nauc_precision_at_100_std": 0.22998743366892407,
        "nauc_precision_at_10_diff1": 0.17983079615087758,
        "nauc_precision_at_10_max": 0.37334083124057194,
        "nauc_precision_at_10_std": 0.11104074764835642,
        "nauc_precision_at_1_diff1": 0.46239047445149173,
        "nauc_precision_at_1_max": 0.3470746441289456,
        "nauc_precision_at_1_std": -0.02128952349984367,
        "nauc_precision_at_20_diff1": 0.13209582351423577,
        "nauc_precision_at_20_max": 0.3733801583244359,
        "nauc_precision_at_20_std": 0.15797463794726307,
        "nauc_precision_at_3_diff1": 0.2792122704870953,
        "nauc_precision_at_3_max": 0.36983209628117897,
        "nauc_precision_at_3_std": 0.03422620135335099,
        "nauc_precision_at_5_diff1": 0.22842445572178072,
        "nauc_precision_at_5_max": 0.37566298249481245,
        "nauc_precision_at_5_std": 0.07136712983281479,
        "nauc_recall_at_1000_diff1": 0.19593215050544266,
        "nauc_recall_at_1000_max": 0.3072473665216013,
        "nauc_recall_at_1000_std": 0.3904573982980885,
        "nauc_recall_at_100_diff1": 0.211458770958632,
        "nauc_recall_at_100_max": 0.2388867579623364,
        "nauc_recall_at_100_std": 0.21807285704746968,
        "nauc_recall_at_10_diff1": 0.28113501509686784,
        "nauc_recall_at_10_max": 0.21058758426080293,
        "nauc_recall_at_10_std": 0.018809053235593627,
        "nauc_recall_at_1_diff1": 0.4442302654108795,
        "nauc_recall_at_1_max": 0.19064624670793054,
        "nauc_recall_at_1_std": -0.06883709541748888,
        "nauc_recall_at_20_diff1": 0.2514986317522503,
        "nauc_recall_at_20_max": 0.2154564300805131,
        "nauc_recall_at_20_std": 0.07102824909568378,
        "nauc_recall_at_3_diff1": 0.32823598142245813,
        "nauc_recall_at_3_max": 0.20115311619384654,
        "nauc_recall_at_3_std": -0.044018575546120896,
        "nauc_recall_at_5_diff1": 0.30323924950034553,
        "nauc_recall_at_5_max": 0.20573776992440368,
        "nauc_recall_at_5_std": -0.019799301194678723,
        "ndcg_at_1": 0.34446,
        "ndcg_at_10": 0.37012,
        "ndcg_at_100": 0.44099,
        "ndcg_at_1000": 0.47244,
        "ndcg_at_20": 0.3958,
        "ndcg_at_3": 0.32802,
        "ndcg_at_5": 0.34173,
        "precision_at_1": 0.34446,
        "precision_at_10": 0.1023,
        "precision_at_100": 0.01751,
        "precision_at_1000": 0.0023,
        "precision_at_20": 0.06197,
        "precision_at_3": 0.21545,
        "precision_at_5": 0.15993,
        "recall_at_1": 0.18101,
        "recall_at_10": 0.44604,
        "recall_at_100": 0.71572,
        "recall_at_1000": 0.90721,
        "recall_at_20": 0.52682,
        "recall_at_3": 0.30468,
        "recall_at_5": 0.36229
      }
    ]
  },
  "task_name": "FiQA2018Retrieval"
}