{
  "dataset_revision": "f6934c7980c19a3acb8aeba3b66b4766fbb4b9db",
  "evaluation_time": 6.314292907714844,
  "kg_co2_emissions": null,
  "mteb_version": "1.12.49",
  "scores": {
    "test": [
      {
        "hf_subset": "default",
        "languages": [
          "eng-Latn"
        ],
        "main_score": 0.9486690476190477,
        "map": 0.9486690476190477,
        "mrr": 0.9486690476190477,
        "nAUC_map_diff1": 0.927045466051967,
        "nAUC_map_max": 0.8181150252824976,
        "nAUC_map_std": 0.678626247412862,
        "nAUC_mrr_diff1": 0.927045466051967,
        "nAUC_mrr_max": 0.8181150252824976,
        "nAUC_mrr_std": 0.678626247412862
      }
    ]
  },
  "task_name": "FiQA2018Reranking"
}