{
  "dataset_revision": "7018353fb281b866e5934eeb496251be4ad3585f",
  "evaluation_time": 10.172237157821655,
  "kg_co2_emissions": null,
  "mteb_version": "1.12.49",
  "scores": {
    "train": [
      {
        "hf_subset": "default",
        "languages": [
          "eng-Latn"
        ],
        "main_score": 0.50464,
        "map_at_1": 0.36079,
        "map_at_10": 0.45455,
        "map_at_100": 0.46404,
        "map_at_1000": 0.46449,
        "map_at_20": 0.46028,
        "map_at_3": 0.42826,
        "map_at_5": 0.44303,
        "mrr_at_1": 0.36079328756674295,
        "mrr_at_10": 0.45454749998991034,
        "mrr_at_100": 0.4640420583845575,
        "mrr_at_1000": 0.46448621552063224,
        "mrr_at_20": 0.46028144199995624,
        "mrr_at_3": 0.42825663191795915,
        "mrr_at_5": 0.44302907026019156,
        "nauc_map_at_1000_diff1": 0.5333966619495449,
        "nauc_map_at_1000_max": 0.378354979747076,
        "nauc_map_at_1000_std": -0.1196655288738919,
        "nauc_map_at_100_diff1": 0.5331722081161181,
        "nauc_map_at_100_max": 0.3783726199606652,
        "nauc_map_at_100_std": -0.11931806211891496,
        "nauc_map_at_10_diff1": 0.5318138676093553,
        "nauc_map_at_10_max": 0.37809999290780244,
        "nauc_map_at_10_std": -0.12059301916833416,
        "nauc_map_at_1_diff1": 0.595817078290586,
        "nauc_map_at_1_max": 0.3884754029243358,
        "nauc_map_at_1_std": -0.14112917713663048,
        "nauc_map_at_20_diff1": 0.5325442743998353,
        "nauc_map_at_20_max": 0.3782210961772735,
        "nauc_map_at_20_std": -0.12000604648157585,
        "nauc_map_at_3_diff1": 0.5404885997425706,
        "nauc_map_at_3_max": 0.37676915673029304,
        "nauc_map_at_3_std": -0.1326647338090338,
        "nauc_map_at_5_diff1": 0.5336002919570219,
        "nauc_map_at_5_max": 0.37686921620405367,
        "nauc_map_at_5_std": -0.12514454348546228,
        "nauc_mrr_at_1000_diff1": 0.5333966619495449,
        "nauc_mrr_at_1000_max": 0.378354979747076,
        "nauc_mrr_at_1000_std": -0.1196655288738919,
        "nauc_mrr_at_100_diff1": 0.5331722081161181,
        "nauc_mrr_at_100_max": 0.3783726199606652,
        "nauc_mrr_at_100_std": -0.11931806211891496,
        "nauc_mrr_at_10_diff1": 0.5318138676093553,
        "nauc_mrr_at_10_max": 0.37809999290780244,
        "nauc_mrr_at_10_std": -0.12059301916833416,
        "nauc_mrr_at_1_diff1": 0.595817078290586,
        "nauc_mrr_at_1_max": 0.3884754029243358,
        "nauc_mrr_at_1_std": -0.14112917713663048,
        "nauc_mrr_at_20_diff1": 0.5325442743998353,
        "nauc_mrr_at_20_max": 0.3782210961772735,
        "nauc_mrr_at_20_std": -0.12000604648157585,
        "nauc_mrr_at_3_diff1": 0.5404885997425706,
        "nauc_mrr_at_3_max": 0.37676915673029304,
        "nauc_mrr_at_3_std": -0.1326647338090338,
        "nauc_mrr_at_5_diff1": 0.5336002919570219,
        "nauc_mrr_at_5_max": 0.37686921620405367,
        "nauc_mrr_at_5_std": -0.12514454348546228,
        "nauc_ndcg_at_1000_diff1": 0.5184141097141054,
        "nauc_ndcg_at_1000_max": 0.37703517849041773,
        "nauc_ndcg_at_1000_std": -0.10586880772117763,
        "nauc_ndcg_at_100_diff1": 0.5120651700155395,
        "nauc_ndcg_at_100_max": 0.3777149913263426,
        "nauc_ndcg_at_100_std": -0.09530167425882302,
        "nauc_ndcg_at_10_diff1": 0.5047711934952701,
        "nauc_ndcg_at_10_max": 0.3751146924082202,
        "nauc_ndcg_at_10_std": -0.10524344529112753,
        "nauc_ndcg_at_1_diff1": 0.595817078290586,
        "nauc_ndcg_at_1_max": 0.3884754029243358,
        "nauc_ndcg_at_1_std": -0.14112917713663048,
        "nauc_ndcg_at_20_diff1": 0.5070162158183035,
        "nauc_ndcg_at_20_max": 0.3758106201151159,
        "nauc_ndcg_at_20_std": -0.10233991801534766,
        "nauc_ndcg_at_3_diff1": 0.5227784856250647,
        "nauc_ndcg_at_3_max": 0.37254856556120336,
        "nauc_ndcg_at_3_std": -0.13007596392886123,
        "nauc_ndcg_at_5_diff1": 0.5096644964201149,
        "nauc_ndcg_at_5_max": 0.3720638099826171,
        "nauc_ndcg_at_5_std": -0.11671251776021703,
        "nauc_precision_at_1000_diff1": 0.3388463618559257,
        "nauc_precision_at_1000_max": 0.3852424261655803,
        "nauc_precision_at_1000_std": 0.3734491196045265,
        "nauc_precision_at_100_diff1": 0.3539339384318965,
        "nauc_precision_at_100_max": 0.39297751202157194,
        "nauc_precision_at_100_std": 0.19301460182224722,
        "nauc_precision_at_10_diff1": 0.40525117836902896,
        "nauc_precision_at_10_max": 0.3654699877093931,
        "nauc_precision_at_10_std": -0.04394056874288528,
        "nauc_precision_at_1_diff1": 0.595817078290586,
        "nauc_precision_at_1_max": 0.3884754029243358,
        "nauc_precision_at_1_std": -0.14112917713663048,
        "nauc_precision_at_20_diff1": 0.39593648982939333,
        "nauc_precision_at_20_max": 0.36800120215035553,
        "nauc_precision_at_20_std": -0.013949202648281976,
        "nauc_precision_at_3_diff1": 0.47069411875533373,
        "nauc_precision_at_3_max": 0.3599842711580042,
        "nauc_precision_at_3_std": -0.12250121356294168,
        "nauc_precision_at_5_diff1": 0.4332532464630139,
        "nauc_precision_at_5_max": 0.35649039554833173,
        "nauc_precision_at_5_std": -0.08882327892019604,
        "nauc_recall_at_1000_diff1": 0.3388463618559361,
        "nauc_recall_at_1000_max": 0.3852424261656002,
        "nauc_recall_at_1000_std": 0.373449119604543,
        "nauc_recall_at_100_diff1": 0.3539339384318966,
        "nauc_recall_at_100_max": 0.39297751202157144,
        "nauc_recall_at_100_std": 0.19301460182224645,
        "nauc_recall_at_10_diff1": 0.4052511783690292,
        "nauc_recall_at_10_max": 0.3654699877093937,
        "nauc_recall_at_10_std": -0.043940568742884684,
        "nauc_recall_at_1_diff1": 0.595817078290586,
        "nauc_recall_at_1_max": 0.3884754029243358,
        "nauc_recall_at_1_std": -0.14112917713663048,
        "nauc_recall_at_20_diff1": 0.3959364898293944,
        "nauc_recall_at_20_max": 0.36800120215035587,
        "nauc_recall_at_20_std": -0.013949202648280963,
        "nauc_recall_at_3_diff1": 0.4706941187553331,
        "nauc_recall_at_3_max": 0.35998427115800424,
        "nauc_recall_at_3_std": -0.12250121356294262,
        "nauc_recall_at_5_diff1": 0.43325324646301444,
        "nauc_recall_at_5_max": 0.3564903955483318,
        "nauc_recall_at_5_std": -0.08882327892019617,
        "ndcg_at_1": 0.36079,
        "ndcg_at_10": 0.50464,
        "ndcg_at_100": 0.55275,
        "ndcg_at_1000": 0.56445,
        "ndcg_at_20": 0.52528,
        "ndcg_at_3": 0.45018,
        "ndcg_at_5": 0.4769,
        "precision_at_1": 0.36079,
        "precision_at_10": 0.06641,
        "precision_at_100": 0.00894,
        "precision_at_1000": 0.00099,
        "precision_at_20": 0.03726,
        "precision_at_3": 0.1712,
        "precision_at_5": 0.11574,
        "recall_at_1": 0.36079,
        "recall_at_10": 0.66412,
        "recall_at_100": 0.89397,
        "recall_at_1000": 0.98576,
        "recall_at_20": 0.74523,
        "recall_at_3": 0.5136,
        "recall_at_5": 0.57869
      }
    ]
  },
  "task_name": "HC3Retrieval"
}