{
  "dataset_revision": "538a43bb89e86fd40a8d1b9c7e630f8c3aa67a6c",
  "evaluation_time": 5.65684962272644,
  "kg_co2_emissions": null,
  "mteb_version": "1.12.49",
  "scores": {
    "test": [
      {
        "hf_subset": "default",
        "languages": [
          "eng-Latn"
        ],
        "main_score": 0.981711544011544,
        "map": 0.981711544011544,
        "mrr": 0.999,
        "nAUC_map_diff1": -0.6716566503092832,
        "nAUC_map_max": 0.46935995064118186,
        "nAUC_map_std": 0.6842219280661532,
        "nAUC_mrr_diff1": 1.0,
        "nAUC_mrr_max": 1.0,
        "nAUC_mrr_std": 1.0
      }
    ]
  },
  "task_name": "HC3Reranking"
}