{
  "dataset_revision": "ad0150ed63940e88846659e46be5138aa0db6c85",
  "evaluation_time": 4.66678261756897,
  "kg_co2_emissions": null,
  "mteb_version": "1.12.49",
  "scores": {
    "test": [
      {
        "cosine": {
          "accuracy": 0.5751875611612483,
          "accuracy_threshold": 0.18014174699783325,
          "ap": 0.6071670874063224,
          "f1": 0.7299219667150059,
          "f1_threshold": 0.020216315984725952,
          "precision": 0.5747063940843845,
          "recall": 1.0
        },
        "dot": {
          "accuracy": 0.5751875611612483,
          "accuracy_threshold": 0.18014180660247803,
          "ap": 0.6071669936622761,
          "f1": 0.7299219667150059,
          "f1_threshold": 0.02021639794111252,
          "precision": 0.5747063940843845,
          "recall": 1.0
        },
        "euclidean": {
          "accuracy": 0.5751875611612483,
          "accuracy_threshold": 1.2805132865905762,
          "ap": 0.6071670177885433,
          "f1": 0.7299219667150059,
          "f1_threshold": 1.399836778640747,
          "precision": 0.5747063940843845,
          "recall": 1.0
        },
        "hf_subset": "default",
        "languages": [
          "eng-Latn"
        ],
        "main_score": 0.6071670874063224,
        "manhattan": {
          "accuracy": 0.5755137544851582,
          "accuracy_threshold": 19.44498062133789,
          "ap": 0.6065798349928859,
          "f1": 0.7298342541436464,
          "f1_threshold": 21.361175537109375,
          "precision": 0.5746601413811854,
          "recall": 0.9998107852412488
        },
        "max": {
          "accuracy": 0.5755137544851582,
          "ap": 0.6071670874063224,
          "f1": 0.7299219667150059
        },
        "similarity": {
          "accuracy": 0.5751875611612483,
          "accuracy_threshold": 0.18014183640480042,
          "ap": 0.607167032759069,
          "f1": 0.7299219667150059,
          "f1_threshold": 0.020216401666402817,
          "precision": 0.5747063940843845,
          "recall": 1.0
        }
      }
    ]
  },
  "task_name": "HeadlinePDDPairClassification"
}