{
  "dataset_revision": "afa5a612a01b9c0a8058fba44a3bdf66173583eb",
  "evaluation_time": 4.479443073272705,
  "kg_co2_emissions": null,
  "mteb_version": "1.12.49",
  "scores": {
    "test": [
      {
        "cosine": {
          "accuracy": 0.5455295452201712,
          "accuracy_threshold": 0.18584081530570984,
          "ap": 0.5702150068963153,
          "f1": 0.7054268740404511,
          "f1_threshold": 0.03803759813308716,
          "precision": 0.54496699669967,
          "recall": 0.9998107852412488
        },
        "dot": {
          "accuracy": 0.5455295452201712,
          "accuracy_threshold": 0.18584075570106506,
          "ap": 0.5702149624431039,
          "f1": 0.7054268740404511,
          "f1_threshold": 0.038037654012441635,
          "precision": 0.54496699669967,
          "recall": 0.9998107852412488
        },
        "euclidean": {
          "accuracy": 0.5455295452201712,
          "accuracy_threshold": 1.2760556936264038,
          "ap": 0.5702149759068111,
          "f1": 0.7054268740404511,
          "f1_threshold": 1.3870337009429932,
          "precision": 0.54496699669967,
          "recall": 0.9998107852412488
        },
        "hf_subset": "default",
        "languages": [
          "eng-Latn"
        ],
        "main_score": 0.5702150068963153,
        "manhattan": {
          "accuracy": 0.5450139218314943,
          "accuracy_threshold": 21.158248901367188,
          "ap": 0.5701036373893928,
          "f1": 0.7054739652870494,
          "f1_threshold": 21.158248901367188,
          "precision": 0.5450232078390923,
          "recall": 0.9998107852412488
        },
        "max": {
          "accuracy": 0.5455295452201712,
          "ap": 0.5702150068963153,
          "f1": 0.7054739652870494
        },
        "similarity": {
          "accuracy": 0.5455295452201712,
          "accuracy_threshold": 0.18584078550338745,
          "ap": 0.5702148924387992,
          "f1": 0.7054268740404511,
          "f1_threshold": 0.038037654012441635,
          "precision": 0.54496699669967,
          "recall": 0.9998107852412488
        }
      }
    ]
  },
  "task_name": "HeadlineACPairClassification"
}