{
  "dataset_revision": "11b15221dd850044dc2261ce633e692851c8b7e2",
  "evaluation_time": 4.655125379562378,
  "kg_co2_emissions": null,
  "mteb_version": "1.12.49",
  "scores": {
    "train": [
      {
        "hf_subset": "default",
        "languages": [
          "eng-Latn"
        ],
        "main_score": 0.20004,
        "map_at_1": 0.05815,
        "map_at_10": 0.14205,
        "map_at_100": 0.15455,
        "map_at_1000": 0.15557,
        "map_at_20": 0.14931,
        "map_at_3": 0.10072,
        "map_at_5": 0.1253,
        "mrr_at_1": 0.052158273381294966,
        "mrr_at_10": 0.1385677172547676,
        "mrr_at_100": 0.15096117739215753,
        "mrr_at_1000": 0.1519787168945461,
        "mrr_at_20": 0.14585940103973047,
        "mrr_at_3": 0.09662270183852917,
        "mrr_at_5": 0.12165267785771382,
        "nauc_map_at_1000_diff1": -0.006772297041989574,
        "nauc_map_at_1000_max": 0.2420813479736653,
        "nauc_map_at_1000_std": 0.08004625261613374,
        "nauc_map_at_100_diff1": -0.007030024560366334,
        "nauc_map_at_100_max": 0.24240771135008726,
        "nauc_map_at_100_std": 0.08044314746644247,
        "nauc_map_at_10_diff1": -0.007309805098836664,
        "nauc_map_at_10_max": 0.2351702827663966,
        "nauc_map_at_10_std": 0.06891323041893023,
        "nauc_map_at_1_diff1": 0.03553698566406938,
        "nauc_map_at_1_max": 0.18639849663238797,
        "nauc_map_at_1_std": 0.05989706302922127,
        "nauc_map_at_20_diff1": -0.005154202158145778,
        "nauc_map_at_20_max": 0.23985612239417103,
        "nauc_map_at_20_std": 0.07591312975217719,
        "nauc_map_at_3_diff1": -0.004633792081678577,
        "nauc_map_at_3_max": 0.20137830933301762,
        "nauc_map_at_3_std": 0.05884030605674651,
        "nauc_map_at_5_diff1": -0.006028331127255582,
        "nauc_map_at_5_max": 0.23421399162473522,
        "nauc_map_at_5_std": 0.06169670250371832,
        "nauc_mrr_at_1000_diff1": -0.035258402368881316,
        "nauc_mrr_at_1000_max": 0.22743465014666814,
        "nauc_mrr_at_1000_std": 0.08550553173096426,
        "nauc_mrr_at_100_diff1": -0.03547854430245965,
        "nauc_mrr_at_100_max": 0.22785914624597545,
        "nauc_mrr_at_100_std": 0.08594864837643146,
        "nauc_mrr_at_10_diff1": -0.03720152155006545,
        "nauc_mrr_at_10_max": 0.22123365101516043,
        "nauc_mrr_at_10_std": 0.072482800078458,
        "nauc_mrr_at_1_diff1": -0.040114144847296654,
        "nauc_mrr_at_1_max": 0.18911397158218168,
        "nauc_mrr_at_1_std": 0.09368402709117911,
        "nauc_mrr_at_20_diff1": -0.03338551163780632,
        "nauc_mrr_at_20_max": 0.2256995259602796,
        "nauc_mrr_at_20_std": 0.08086861458514508,
        "nauc_mrr_at_3_diff1": -0.04465401794350845,
        "nauc_mrr_at_3_max": 0.17993075877389733,
        "nauc_mrr_at_3_std": 0.06742651675382666,
        "nauc_mrr_at_5_diff1": -0.037334556762816544,
        "nauc_mrr_at_5_max": 0.2109296234055887,
        "nauc_mrr_at_5_std": 0.06419190018600335,
        "nauc_ndcg_at_1000_diff1": -0.012059386501222956,
        "nauc_ndcg_at_1000_max": 0.2710888228976726,
        "nauc_ndcg_at_1000_std": 0.11023781394425575,
        "nauc_ndcg_at_100_diff1": -0.013087218290379102,
        "nauc_ndcg_at_100_max": 0.2814302992587244,
        "nauc_ndcg_at_100_std": 0.12890852502083228,
        "nauc_ndcg_at_10_diff1": -0.01144743659283949,
        "nauc_ndcg_at_10_max": 0.2525684178195166,
        "nauc_ndcg_at_10_std": 0.07764350136474577,
        "nauc_ndcg_at_1_diff1": 0.03553698566406938,
        "nauc_ndcg_at_1_max": 0.18639849663238797,
        "nauc_ndcg_at_1_std": 0.05989706302922127,
        "nauc_ndcg_at_20_diff1": -0.005901009957762682,
        "nauc_ndcg_at_20_max": 0.2668575843795993,
        "nauc_ndcg_at_20_std": 0.09986330393281018,
        "nauc_ndcg_at_3_diff1": -0.009867321745039704,
        "nauc_ndcg_at_3_max": 0.20297260010569668,
        "nauc_ndcg_at_3_std": 0.05704530650793534,
        "nauc_ndcg_at_5_diff1": -0.011933727744501996,
        "nauc_ndcg_at_5_max": 0.25260400202949135,
        "nauc_ndcg_at_5_std": 0.06198948323001561,
        "nauc_precision_at_1000_diff1": -0.0989036828811139,
        "nauc_precision_at_1000_max": 0.584025852423349,
        "nauc_precision_at_1000_std": 0.4181464484593142,
        "nauc_precision_at_100_diff1": -0.025241770851967677,
        "nauc_precision_at_100_max": 0.3975149836966881,
        "nauc_precision_at_100_std": 0.3010520622119656,
        "nauc_precision_at_10_diff1": -0.015970260925277136,
        "nauc_precision_at_10_max": 0.2815870019524406,
        "nauc_precision_at_10_std": 0.09538681005860417,
        "nauc_precision_at_1_diff1": 0.03553698566406938,
        "nauc_precision_at_1_max": 0.18639849663238797,
        "nauc_precision_at_1_std": 0.05989706302922127,
        "nauc_precision_at_20_diff1": -0.003050893636981687,
        "nauc_precision_at_20_max": 0.319053980664817,
        "nauc_precision_at_20_std": 0.1542521143591619,
        "nauc_precision_at_3_diff1": -0.01949536635430925,
        "nauc_precision_at_3_max": 0.20579229738147414,
        "nauc_precision_at_3_std": 0.053217571680939754,
        "nauc_precision_at_5_diff1": -0.02159126086266025,
        "nauc_precision_at_5_max": 0.28599869689919655,
        "nauc_precision_at_5_std": 0.0627377324764914,
        "nauc_recall_at_1000_diff1": -0.09890368288111258,
        "nauc_recall_at_1000_max": 0.5840258524233521,
        "nauc_recall_at_1000_std": 0.4181464484593146,
        "nauc_recall_at_100_diff1": -0.02524177085196762,
        "nauc_recall_at_100_max": 0.39751498369668853,
        "nauc_recall_at_100_std": 0.3010520622119653,
        "nauc_recall_at_10_diff1": -0.015970260925277084,
        "nauc_recall_at_10_max": 0.28158700195244063,
        "nauc_recall_at_10_std": 0.09538681005860426,
        "nauc_recall_at_1_diff1": 0.03553698566406938,
        "nauc_recall_at_1_max": 0.18639849663238797,
        "nauc_recall_at_1_std": 0.05989706302922127,
        "nauc_recall_at_20_diff1": -0.0030508936369817315,
        "nauc_recall_at_20_max": 0.3190539806648168,
        "nauc_recall_at_20_std": 0.15425211435916156,
        "nauc_recall_at_3_diff1": -0.019495366354309082,
        "nauc_recall_at_3_max": 0.20579229738147442,
        "nauc_recall_at_3_std": 0.05321757168093986,
        "nauc_recall_at_5_diff1": -0.02159126086266021,
        "nauc_recall_at_5_max": 0.2859986968991964,
        "nauc_recall_at_5_std": 0.06273773247649152,
        "ndcg_at_1": 0.05815,
        "ndcg_at_10": 0.20004,
        "ndcg_at_100": 0.26506,
        "ndcg_at_1000": 0.29639,
        "ndcg_at_20": 0.22594,
        "ndcg_at_3": 0.11601,
        "ndcg_at_5": 0.16076,
        "precision_at_1": 0.05815,
        "precision_at_10": 0.03891,
        "precision_at_100": 0.00704,
        "precision_at_1000": 0.00096,
        "precision_at_20": 0.02452,
        "precision_at_3": 0.05356,
        "precision_at_5": 0.05408,
        "recall_at_1": 0.05815,
        "recall_at_10": 0.38909,
        "recall_at_100": 0.70384,
        "recall_at_1000": 0.95983,
        "recall_at_20": 0.49041,
        "recall_at_3": 0.16067,
        "recall_at_5": 0.27038
      }
    ]
  },
  "task_name": "TATQARetrieval"
}