{
  "dataset_revision": "c33ce9ced2224b9c6d9e425196edc36f53400ec1",
  "evaluation_time": 3.7645158767700195,
  "kg_co2_emissions": null,
  "mteb_version": "1.12.49",
  "scores": {
    "train": [
      {
        "hf_subset": "default",
        "languages": [
          "eng-Latn"
        ],
        "main_score": 0.34399,
        "map_at_1": 0.20635,
        "map_at_10": 0.29432,
        "map_at_100": 0.30481,
        "map_at_1000": 0.30566,
        "map_at_20": 0.30017,
        "map_at_3": 0.26675,
        "map_at_5": 0.28107,
        "mrr_at_1": 0.20634920634920634,
        "mrr_at_10": 0.2938114134542706,
        "mrr_at_100": 0.30429976245667,
        "mrr_at_1000": 0.3051532596254948,
        "mrr_at_20": 0.29962974873673803,
        "mrr_at_3": 0.2664241622574956,
        "mrr_at_5": 0.2806768077601411,
        "nauc_map_at_1000_diff1": 0.33811463659188234,
        "nauc_map_at_1000_max": 0.38759611426588486,
        "nauc_map_at_1000_std": 0.11874081345446348,
        "nauc_map_at_100_diff1": 0.33800809399468107,
        "nauc_map_at_100_max": 0.3878913909085485,
        "nauc_map_at_100_std": 0.11925224262434465,
        "nauc_map_at_10_diff1": 0.3346679930936031,
        "nauc_map_at_10_max": 0.3833326210917793,
        "nauc_map_at_10_std": 0.11324456623458175,
        "nauc_map_at_1_diff1": 0.40981778478854297,
        "nauc_map_at_1_max": 0.36246779943859275,
        "nauc_map_at_1_std": 0.07035247078324086,
        "nauc_map_at_20_diff1": 0.33723327144951315,
        "nauc_map_at_20_max": 0.3869755899069834,
        "nauc_map_at_20_std": 0.11775421037798682,
        "nauc_map_at_3_diff1": 0.3404088786903135,
        "nauc_map_at_3_max": 0.3688847912134867,
        "nauc_map_at_3_std": 0.09108398829711128,
        "nauc_map_at_5_diff1": 0.3370428097953355,
        "nauc_map_at_5_max": 0.37636429289315737,
        "nauc_map_at_5_std": 0.10218167949019723,
        "nauc_mrr_at_1000_diff1": 0.3381517152984028,
        "nauc_mrr_at_1000_max": 0.38853078109307476,
        "nauc_mrr_at_1000_std": 0.11376622766651767,
        "nauc_mrr_at_100_diff1": 0.3380449289443407,
        "nauc_mrr_at_100_max": 0.38882434200391214,
        "nauc_mrr_at_100_std": 0.11429003596564188,
        "nauc_mrr_at_10_diff1": 0.33470229868628215,
        "nauc_mrr_at_10_max": 0.38425473164907764,
        "nauc_mrr_at_10_std": 0.10835255102278894,
        "nauc_mrr_at_1_diff1": 0.40981778478854297,
        "nauc_mrr_at_1_max": 0.3609417229731458,
        "nauc_mrr_at_1_std": 0.0567194052611588,
        "nauc_mrr_at_20_diff1": 0.3372876164326012,
        "nauc_mrr_at_20_max": 0.38791786284513563,
        "nauc_mrr_at_20_std": 0.11285947264071486,
        "nauc_mrr_at_3_diff1": 0.33991891009670555,
        "nauc_mrr_at_3_max": 0.37047645542144,
        "nauc_mrr_at_3_std": 0.0862228034582393,
        "nauc_mrr_at_5_diff1": 0.3366904227616142,
        "nauc_mrr_at_5_max": 0.3785622557163795,
        "nauc_mrr_at_5_std": 0.09853100286589853,
        "nauc_ndcg_at_1000_diff1": 0.32815291660577744,
        "nauc_ndcg_at_1000_max": 0.40583494679345694,
        "nauc_ndcg_at_1000_std": 0.14897732958848195,
        "nauc_ndcg_at_100_diff1": 0.32417821840998534,
        "nauc_ndcg_at_100_max": 0.4183870871150583,
        "nauc_ndcg_at_100_std": 0.17137978958911895,
        "nauc_ndcg_at_10_diff1": 0.311560511290438,
        "nauc_ndcg_at_10_max": 0.3979845049491441,
        "nauc_ndcg_at_10_std": 0.14010117617509044,
        "nauc_ndcg_at_1_diff1": 0.40981778478854297,
        "nauc_ndcg_at_1_max": 0.36246779943859275,
        "nauc_ndcg_at_1_std": 0.07035247078324086,
        "nauc_ndcg_at_20_diff1": 0.31993407079931985,
        "nauc_ndcg_at_20_max": 0.41072420253445063,
        "nauc_ndcg_at_20_std": 0.15730170250096168,
        "nauc_ndcg_at_3_diff1": 0.3233908434107921,
        "nauc_ndcg_at_3_max": 0.37031152562291914,
        "nauc_ndcg_at_3_std": 0.0961057224109352,
        "nauc_ndcg_at_5_diff1": 0.3172327042609668,
        "nauc_ndcg_at_5_max": 0.38281654998357845,
        "nauc_ndcg_at_5_std": 0.11516798097407722,
        "nauc_precision_at_1000_diff1": 0.39216018982478595,
        "nauc_precision_at_1000_max": 0.8703112435198774,
        "nauc_precision_at_1000_std": 0.8215136116032269,
        "nauc_precision_at_100_diff1": 0.2796379468487529,
        "nauc_precision_at_100_max": 0.6065759350217408,
        "nauc_precision_at_100_std": 0.4966995460556451,
        "nauc_precision_at_10_diff1": 0.2478931253395712,
        "nauc_precision_at_10_max": 0.4426191026014242,
        "nauc_precision_at_10_std": 0.22176333340221405,
        "nauc_precision_at_1_diff1": 0.40981778478854297,
        "nauc_precision_at_1_max": 0.36246779943859275,
        "nauc_precision_at_1_std": 0.07035247078324086,
        "nauc_precision_at_20_diff1": 0.27439486568735805,
        "nauc_precision_at_20_max": 0.49596711896988155,
        "nauc_precision_at_20_std": 0.29858641544767944,
        "nauc_precision_at_3_diff1": 0.2794842257586453,
        "nauc_precision_at_3_max": 0.3739431312746056,
        "nauc_precision_at_3_std": 0.10904116887603502,
        "nauc_precision_at_5_diff1": 0.2658173590965739,
        "nauc_precision_at_5_max": 0.40061429912690516,
        "nauc_precision_at_5_std": 0.15070855202270333,
        "nauc_recall_at_1000_diff1": 0.3921601898247955,
        "nauc_recall_at_1000_max": 0.8703112435198846,
        "nauc_recall_at_1000_std": 0.821513611603229,
        "nauc_recall_at_100_diff1": 0.2796379468487534,
        "nauc_recall_at_100_max": 0.60657593502174,
        "nauc_recall_at_100_std": 0.4966995460556458,
        "nauc_recall_at_10_diff1": 0.24789312533957106,
        "nauc_recall_at_10_max": 0.4426191026014241,
        "nauc_recall_at_10_std": 0.22176333340221402,
        "nauc_recall_at_1_diff1": 0.40981778478854297,
        "nauc_recall_at_1_max": 0.36246779943859275,
        "nauc_recall_at_1_std": 0.07035247078324086,
        "nauc_recall_at_20_diff1": 0.27439486568735805,
        "nauc_recall_at_20_max": 0.4959671189698813,
        "nauc_recall_at_20_std": 0.2985864154476791,
        "nauc_recall_at_3_diff1": 0.27948422575864523,
        "nauc_recall_at_3_max": 0.37394313127460566,
        "nauc_recall_at_3_std": 0.10904116887603513,
        "nauc_recall_at_5_diff1": 0.2658173590965741,
        "nauc_recall_at_5_max": 0.4006142991269053,
        "nauc_recall_at_5_std": 0.15070855202270309,
        "ndcg_at_1": 0.20635,
        "ndcg_at_10": 0.34399,
        "ndcg_at_100": 0.40083,
        "ndcg_at_1000": 0.42581,
        "ndcg_at_20": 0.36535,
        "ndcg_at_3": 0.28656,
        "ndcg_at_5": 0.31241,
        "precision_at_1": 0.20635,
        "precision_at_10": 0.05033,
        "precision_at_100": 0.00783,
        "precision_at_1000": 0.00098,
        "precision_at_20": 0.0294,
        "precision_at_3": 0.11464,
        "precision_at_5": 0.08135,
        "recall_at_1": 0.20635,
        "recall_at_10": 0.50331,
        "recall_at_100": 0.78307,
        "recall_at_1000": 0.98479,
        "recall_at_20": 0.58796,
        "recall_at_3": 0.34392,
        "recall_at_5": 0.40675
      }
    ]
  },
  "task_name": "TheGoldmanEnRetrieval"
}