{
  "dataset_revision": "7fa70ba6624011d65a311df86193b4b5587969bc",
  "evaluation_time": 17.56149935722351,
  "kg_co2_emissions": null,
  "mteb_version": "1.12.49",
  "scores": {
    "train": [
      {
        "hf_subset": "default",
        "languages": [
          "eng-Latn"
        ],
        "main_score": 0.97985,
        "map_at_1": 0.95264,
        "map_at_10": 0.97337,
        "map_at_100": 0.97344,
        "map_at_1000": 0.97344,
        "map_at_20": 0.97343,
        "map_at_3": 0.97255,
        "map_at_5": 0.97302,
        "mrr_at_1": 0.9526379940797493,
        "mrr_at_10": 0.9733659886846375,
        "mrr_at_100": 0.9734369295552474,
        "mrr_at_1000": 0.9734369295552474,
        "mrr_at_20": 0.9734333019506274,
        "mrr_at_3": 0.9725462882349526,
        "mrr_at_5": 0.9730164257937199,
        "nauc_map_at_1000_diff1": 0.9499027978445809,
        "nauc_map_at_1000_max": 0.41668003311032326,
        "nauc_map_at_1000_std": -0.40245588790375564,
        "nauc_map_at_100_diff1": 0.9499027978445809,
        "nauc_map_at_100_max": 0.41668003311032326,
        "nauc_map_at_100_std": -0.40245588790375564,
        "nauc_map_at_10_diff1": 0.9498446073877534,
        "nauc_map_at_10_max": 0.4179940296742856,
        "nauc_map_at_10_std": -0.4015019947314469,
        "nauc_map_at_1_diff1": 0.9520135539917284,
        "nauc_map_at_1_max": 0.3839048729828211,
        "nauc_map_at_1_std": -0.39768083832167295,
        "nauc_map_at_20_diff1": 0.9499096384704524,
        "nauc_map_at_20_max": 0.41675968373920547,
        "nauc_map_at_20_std": -0.4024243378740991,
        "nauc_map_at_3_diff1": 0.9501624411049815,
        "nauc_map_at_3_max": 0.42887653278939897,
        "nauc_map_at_3_std": -0.4051384991861649,
        "nauc_map_at_5_diff1": 0.9501639899776119,
        "nauc_map_at_5_max": 0.42153244929935807,
        "nauc_map_at_5_std": -0.40446882151903535,
        "nauc_mrr_at_1000_diff1": 0.9499027978445809,
        "nauc_mrr_at_1000_max": 0.41668003311032326,
        "nauc_mrr_at_1000_std": -0.40245588790375564,
        "nauc_mrr_at_100_diff1": 0.9499027978445809,
        "nauc_mrr_at_100_max": 0.41668003311032326,
        "nauc_mrr_at_100_std": -0.40245588790375564,
        "nauc_mrr_at_10_diff1": 0.9498446073877534,
        "nauc_mrr_at_10_max": 0.4179940296742856,
        "nauc_mrr_at_10_std": -0.4015019947314469,
        "nauc_mrr_at_1_diff1": 0.9520135539917284,
        "nauc_mrr_at_1_max": 0.3839048729828211,
        "nauc_mrr_at_1_std": -0.39768083832167295,
        "nauc_mrr_at_20_diff1": 0.9499096384704524,
        "nauc_mrr_at_20_max": 0.41675968373920547,
        "nauc_mrr_at_20_std": -0.4024243378740991,
        "nauc_mrr_at_3_diff1": 0.9501624411049815,
        "nauc_mrr_at_3_max": 0.42887653278939897,
        "nauc_mrr_at_3_std": -0.4051384991861649,
        "nauc_mrr_at_5_diff1": 0.9501639899776119,
        "nauc_mrr_at_5_max": 0.42153244929935807,
        "nauc_mrr_at_5_std": -0.40446882151903535,
        "nauc_ndcg_at_1000_diff1": 0.9499311752427491,
        "nauc_ndcg_at_1000_max": 0.4218423726266794,
        "nauc_ndcg_at_1000_std": -0.40003420333651535,
        "nauc_ndcg_at_100_diff1": 0.9499311752427491,
        "nauc_ndcg_at_100_max": 0.4218423726266794,
        "nauc_ndcg_at_100_std": -0.40003420333651535,
        "nauc_ndcg_at_10_diff1": 0.9496982921122759,
        "nauc_ndcg_at_10_max": 0.4281194086487938,
        "nauc_ndcg_at_10_std": -0.39678241081086985,
        "nauc_ndcg_at_1_diff1": 0.9520135539917284,
        "nauc_ndcg_at_1_max": 0.3839048729828211,
        "nauc_ndcg_at_1_std": -0.39768083832167295,
        "nauc_ndcg_at_20_diff1": 0.9500091229633336,
        "nauc_ndcg_at_20_max": 0.4227424550513629,
        "nauc_ndcg_at_20_std": -0.39967826268436263,
        "nauc_ndcg_at_3_diff1": 0.9506776615918208,
        "nauc_ndcg_at_3_max": 0.45445137288009047,
        "nauc_ndcg_at_3_std": -0.40712892276711,
        "nauc_ndcg_at_5_diff1": 0.9506836582385987,
        "nauc_ndcg_at_5_max": 0.43908338177431583,
        "nauc_ndcg_at_5_std": -0.40525519606323174,
        "nauc_precision_at_1000_diff1": 1.0,
        "nauc_precision_at_1000_max": 1.0,
        "nauc_precision_at_1000_std": 1.0,
        "nauc_precision_at_100_diff1": 1.0,
        "nauc_precision_at_100_max": 1.0,
        "nauc_precision_at_100_std": 1.0,
        "nauc_precision_at_10_diff1": 0.9439808424820078,
        "nauc_precision_at_10_max": 0.9229706099170912,
        "nauc_precision_at_10_std": -0.029248311611956766,
        "nauc_precision_at_1_diff1": 0.9520135539917284,
        "nauc_precision_at_1_max": 0.3839048729828211,
        "nauc_precision_at_1_std": -0.39768083832167295,
        "nauc_precision_at_20_diff1": 1.0,
        "nauc_precision_at_20_max": 1.0,
        "nauc_precision_at_20_std": 0.41430009711882676,
        "nauc_precision_at_3_diff1": 0.9598947292172421,
        "nauc_precision_at_3_max": 0.7996196945237519,
        "nauc_precision_at_3_std": -0.4307434483169702,
        "nauc_precision_at_5_diff1": 0.964351445215899,
        "nauc_precision_at_5_max": 0.7753994277983083,
        "nauc_precision_at_5_std": -0.4125411685899053,
        "nauc_recall_at_1000_diff1": 1.0,
        "nauc_recall_at_1000_max": 1.0,
        "nauc_recall_at_1000_std": 1.0,
        "nauc_recall_at_100_diff1": 1.0,
        "nauc_recall_at_100_max": 1.0,
        "nauc_recall_at_100_std": 1.0,
        "nauc_recall_at_10_diff1": 0.9439808424820716,
        "nauc_recall_at_10_max": 0.9229706099172561,
        "nauc_recall_at_10_std": -0.029248311612260075,
        "nauc_recall_at_1_diff1": 0.9520135539917284,
        "nauc_recall_at_1_max": 0.3839048729828211,
        "nauc_recall_at_1_std": -0.39768083832167295,
        "nauc_recall_at_20_diff1": 1.0,
        "nauc_recall_at_20_max": 1.0,
        "nauc_recall_at_20_std": 0.4143000971190826,
        "nauc_recall_at_3_diff1": 0.9598947292172434,
        "nauc_recall_at_3_max": 0.7996196945237475,
        "nauc_recall_at_3_std": -0.4307434483169669,
        "nauc_recall_at_5_diff1": 0.9643514452158976,
        "nauc_recall_at_5_max": 0.7753994277982987,
        "nauc_recall_at_5_std": -0.4125411685899485,
        "ndcg_at_1": 0.95264,
        "ndcg_at_10": 0.97985,
        "ndcg_at_100": 0.98011,
        "ndcg_at_1000": 0.98011,
        "ndcg_at_20": 0.98008,
        "ndcg_at_3": 0.97819,
        "ndcg_at_5": 0.97901,
        "precision_at_1": 0.95264,
        "precision_at_10": 0.09988,
        "precision_at_100": 0.01,
        "precision_at_1000": 0.001,
        "precision_at_20": 0.04998,
        "precision_at_3": 0.33142,
        "precision_at_5": 0.19923,
        "recall_at_1": 0.95264,
        "recall_at_10": 0.99878,
        "recall_at_100": 0.99983,
        "recall_at_1000": 0.99983,
        "recall_at_20": 0.99965,
        "recall_at_3": 0.99425,
        "recall_at_5": 0.99617
      }
    ]
  },
  "task_name": "TradeTheEventEncyclopediaRetrieval"
}