{
  "dataset_revision": "9d499d833355b8ef1810073e5f2aa174d743d4d0",
  "evaluation_time": 30.930418491363525,
  "kg_co2_emissions": null,
  "mteb_version": "1.12.49",
  "scores": {
    "train": [
      {
        "hf_subset": "default",
        "languages": [
          "eng-Latn"
        ],
        "main_score": 0.81644,
        "map_at_1": 0.7377,
        "map_at_10": 0.79216,
        "map_at_100": 0.79491,
        "map_at_1000": 0.79506,
        "map_at_20": 0.79384,
        "map_at_3": 0.78168,
        "map_at_5": 0.78846,
        "mrr_at_1": 0.7377,
        "mrr_at_10": 0.7921646031746031,
        "mrr_at_100": 0.7949148538904516,
        "mrr_at_1000": 0.7950612140415179,
        "mrr_at_20": 0.793839375873954,
        "mrr_at_3": 0.7816833333333333,
        "mrr_at_5": 0.7884583333333333,
        "nauc_map_at_1000_diff1": 0.8307686976194898,
        "nauc_map_at_1000_max": 0.7107257003470185,
        "nauc_map_at_1000_std": -0.031142154941427965,
        "nauc_map_at_100_diff1": 0.83069838534833,
        "nauc_map_at_100_max": 0.7106786817753852,
        "nauc_map_at_100_std": -0.031170605018800347,
        "nauc_map_at_10_diff1": 0.8302432016183463,
        "nauc_map_at_10_max": 0.7103920803024776,
        "nauc_map_at_10_std": -0.03221749254451573,
        "nauc_map_at_1_diff1": 0.8575458539738369,
        "nauc_map_at_1_max": 0.7028898818204752,
        "nauc_map_at_1_std": -0.04376360391088115,
        "nauc_map_at_20_diff1": 0.8302936221501628,
        "nauc_map_at_20_max": 0.7105101625264111,
        "nauc_map_at_20_std": -0.031393542016725,
        "nauc_map_at_3_diff1": 0.8324841259005564,
        "nauc_map_at_3_max": 0.7132756129981308,
        "nauc_map_at_3_std": -0.03158462989946074,
        "nauc_map_at_5_diff1": 0.8308958086447956,
        "nauc_map_at_5_max": 0.7112445975077556,
        "nauc_map_at_5_std": -0.032294765962782745,
        "nauc_mrr_at_1000_diff1": 0.8307686976194898,
        "nauc_mrr_at_1000_max": 0.7107257003470185,
        "nauc_mrr_at_1000_std": -0.031142154941427965,
        "nauc_mrr_at_100_diff1": 0.83069838534833,
        "nauc_mrr_at_100_max": 0.7106786817753852,
        "nauc_mrr_at_100_std": -0.031170605018800347,
        "nauc_mrr_at_10_diff1": 0.8302432016183463,
        "nauc_mrr_at_10_max": 0.7103920803024776,
        "nauc_mrr_at_10_std": -0.03221749254451573,
        "nauc_mrr_at_1_diff1": 0.8575458539738369,
        "nauc_mrr_at_1_max": 0.7028898818204752,
        "nauc_mrr_at_1_std": -0.04376360391088115,
        "nauc_mrr_at_20_diff1": 0.8302936221501628,
        "nauc_mrr_at_20_max": 0.7105101625264111,
        "nauc_mrr_at_20_std": -0.031393542016725,
        "nauc_mrr_at_3_diff1": 0.8324841259005564,
        "nauc_mrr_at_3_max": 0.7132756129981308,
        "nauc_mrr_at_3_std": -0.03158462989946074,
        "nauc_mrr_at_5_diff1": 0.8308958086447956,
        "nauc_mrr_at_5_max": 0.7112445975077556,
        "nauc_mrr_at_5_std": -0.032294765962782745,
        "nauc_ndcg_at_1000_diff1": 0.8234984850263195,
        "nauc_ndcg_at_1000_max": 0.7126984497136422,
        "nauc_ndcg_at_1000_std": -0.025764802046883875,
        "nauc_ndcg_at_100_diff1": 0.8209894010440404,
        "nauc_ndcg_at_100_max": 0.7123497296520401,
        "nauc_ndcg_at_100_std": -0.02473925019933241,
        "nauc_ndcg_at_10_diff1": 0.8178367222416698,
        "nauc_ndcg_at_10_max": 0.710241509787333,
        "nauc_ndcg_at_10_std": -0.029630507185498346,
        "nauc_ndcg_at_1_diff1": 0.8575458539738369,
        "nauc_ndcg_at_1_max": 0.7028898818204752,
        "nauc_ndcg_at_1_std": -0.04376360391088115,
        "nauc_ndcg_at_20_diff1": 0.81788759764822,
        "nauc_ndcg_at_20_max": 0.7108595693026696,
        "nauc_ndcg_at_20_std": -0.026257599042070617,
        "nauc_ndcg_at_3_diff1": 0.8237487269510935,
        "nauc_ndcg_at_3_max": 0.7165509170435633,
        "nauc_ndcg_at_3_std": -0.028351638606142572,
        "nauc_ndcg_at_5_diff1": 0.8201090274242807,
        "nauc_ndcg_at_5_max": 0.7127459467556199,
        "nauc_ndcg_at_5_std": -0.029498319314715776,
        "nauc_precision_at_1000_diff1": 0.6890915457091731,
        "nauc_precision_at_1000_max": 0.8418268822680692,
        "nauc_precision_at_1000_std": 0.21674199983025466,
        "nauc_precision_at_100_diff1": 0.7182939842603706,
        "nauc_precision_at_100_max": 0.7393824196345186,
        "nauc_precision_at_100_std": 0.07233115468409397,
        "nauc_precision_at_10_diff1": 0.7528920017681795,
        "nauc_precision_at_10_max": 0.7059825757654873,
        "nauc_precision_at_10_std": -0.018353138346197714,
        "nauc_precision_at_1_diff1": 0.8575458539738369,
        "nauc_precision_at_1_max": 0.7028898818204752,
        "nauc_precision_at_1_std": -0.04376360391088115,
        "nauc_precision_at_20_diff1": 0.7368388775628595,
        "nauc_precision_at_20_max": 0.7100613815545967,
        "nauc_precision_at_20_std": 0.009860275471131167,
        "nauc_precision_at_3_diff1": 0.792265490354062,
        "nauc_precision_at_3_max": 0.728209631397155,
        "nauc_precision_at_3_std": -0.01712770826430127,
        "nauc_precision_at_5_diff1": 0.7742158039721622,
        "nauc_precision_at_5_max": 0.7179363648202536,
        "nauc_precision_at_5_std": -0.018548934017162556,
        "nauc_recall_at_1000_diff1": 0.689091545709189,
        "nauc_recall_at_1000_max": 0.8418268822680581,
        "nauc_recall_at_1000_std": 0.2167419998302353,
        "nauc_recall_at_100_diff1": 0.7182939842603704,
        "nauc_recall_at_100_max": 0.7393824196345222,
        "nauc_recall_at_100_std": 0.0723311546841,
        "nauc_recall_at_10_diff1": 0.7528920017681803,
        "nauc_recall_at_10_max": 0.7059825757654876,
        "nauc_recall_at_10_std": -0.01835313834619429,
        "nauc_recall_at_1_diff1": 0.8575458539738369,
        "nauc_recall_at_1_max": 0.7028898818204752,
        "nauc_recall_at_1_std": -0.04376360391088115,
        "nauc_recall_at_20_diff1": 0.7368388775628613,
        "nauc_recall_at_20_max": 0.7100613815545955,
        "nauc_recall_at_20_std": 0.009860275471135755,
        "nauc_recall_at_3_diff1": 0.792265490354061,
        "nauc_recall_at_3_max": 0.7282096313971536,
        "nauc_recall_at_3_std": -0.01712770826430337,
        "nauc_recall_at_5_diff1": 0.774215803972164,
        "nauc_recall_at_5_max": 0.7179363648202534,
        "nauc_recall_at_5_std": -0.01854893401715955,
        "ndcg_at_1": 0.7377,
        "ndcg_at_10": 0.81644,
        "ndcg_at_100": 0.83036,
        "ndcg_at_1000": 0.8345,
        "ndcg_at_20": 0.82251,
        "ndcg_at_3": 0.79538,
        "ndcg_at_5": 0.80751,
        "precision_at_1": 0.7377,
        "precision_at_10": 0.08916,
        "precision_at_100": 0.00958,
        "precision_at_1000": 0.00099,
        "precision_at_20": 0.04578,
        "precision_at_3": 0.27827,
        "precision_at_5": 0.17282,
        "recall_at_1": 0.7377,
        "recall_at_10": 0.8916,
        "recall_at_100": 0.958,
        "recall_at_1000": 0.9912,
        "recall_at_20": 0.9155,
        "recall_at_3": 0.8348,
        "recall_at_5": 0.8641
      }
    ]
  },
  "task_name": "TradeTheEventNewsRetrieval"
}