{
  "dataset_revision": "dda970333494c509262e91d2b44d43430e985b3c",
  "evaluation_time": 29.321264266967773,
  "kg_co2_emissions": null,
  "mteb_version": "1.12.49",
  "scores": {
    "train": [
      {
        "hf_subset": "default",
        "languages": [
          "eng-Latn"
        ],
        "main_score": 0.80724,
        "map_at_1": 0.71827,
        "map_at_10": 0.77919,
        "map_at_100": 0.78206,
        "map_at_1000": 0.7822,
        "map_at_20": 0.78091,
        "map_at_3": 0.76713,
        "map_at_5": 0.77418,
        "mrr_at_1": 0.7182718271827183,
        "mrr_at_10": 0.7791932367839958,
        "mrr_at_100": 0.7820637978790421,
        "mrr_at_1000": 0.782197016911628,
        "mrr_at_20": 0.7809141589100583,
        "mrr_at_3": 0.7671267126712671,
        "mrr_at_5": 0.7741824182418242,
        "nauc_map_at_1000_diff1": 0.8174321490667108,
        "nauc_map_at_1000_max": 0.6282929167487898,
        "nauc_map_at_1000_std": -0.10834159442215913,
        "nauc_map_at_100_diff1": 0.8173752240101819,
        "nauc_map_at_100_max": 0.6283682763445952,
        "nauc_map_at_100_std": -0.1081719391363428,
        "nauc_map_at_10_diff1": 0.8167505879686529,
        "nauc_map_at_10_max": 0.629082155336996,
        "nauc_map_at_10_std": -0.10802583703970942,
        "nauc_map_at_1_diff1": 0.8369488442502977,
        "nauc_map_at_1_max": 0.6039004272241735,
        "nauc_map_at_1_std": -0.1350732242809264,
        "nauc_map_at_20_diff1": 0.8168812321569806,
        "nauc_map_at_20_max": 0.6287155907979894,
        "nauc_map_at_20_std": -0.1077391333639716,
        "nauc_map_at_3_diff1": 0.8190027527650294,
        "nauc_map_at_3_max": 0.6271593466016507,
        "nauc_map_at_3_std": -0.11661991887554513,
        "nauc_map_at_5_diff1": 0.8177764010359777,
        "nauc_map_at_5_max": 0.6287322956184974,
        "nauc_map_at_5_std": -0.11146468714828411,
        "nauc_mrr_at_1000_diff1": 0.8174330261406171,
        "nauc_mrr_at_1000_max": 0.6282919777637415,
        "nauc_mrr_at_1000_std": -0.10834182702839627,
        "nauc_mrr_at_100_diff1": 0.8173760991320687,
        "nauc_mrr_at_100_max": 0.6283673361337081,
        "nauc_mrr_at_100_std": -0.10817217554299284,
        "nauc_mrr_at_10_diff1": 0.8167505879686529,
        "nauc_mrr_at_10_max": 0.629082155336996,
        "nauc_mrr_at_10_std": -0.10802583703970942,
        "nauc_mrr_at_1_diff1": 0.8369488442502977,
        "nauc_mrr_at_1_max": 0.6039004272241735,
        "nauc_mrr_at_1_std": -0.1350732242809264,
        "nauc_mrr_at_20_diff1": 0.8168928659949088,
        "nauc_mrr_at_20_max": 0.6287061767188546,
        "nauc_mrr_at_20_std": -0.10773752036258598,
        "nauc_mrr_at_3_diff1": 0.8190027527650294,
        "nauc_mrr_at_3_max": 0.6271593466016507,
        "nauc_mrr_at_3_std": -0.11661991887554513,
        "nauc_mrr_at_5_diff1": 0.8177764010359777,
        "nauc_mrr_at_5_max": 0.6287322956184974,
        "nauc_mrr_at_5_std": -0.11146468714828411,
        "nauc_ndcg_at_1000_diff1": 0.8123838581538176,
        "nauc_ndcg_at_1000_max": 0.6355834424112464,
        "nauc_ndcg_at_1000_std": -0.09453803249953421,
        "nauc_ndcg_at_100_diff1": 0.8105992334608569,
        "nauc_ndcg_at_100_max": 0.6377877948848935,
        "nauc_ndcg_at_100_std": -0.08871270459376508,
        "nauc_ndcg_at_10_diff1": 0.8067214633959356,
        "nauc_ndcg_at_10_max": 0.6410753719585266,
        "nauc_ndcg_at_10_std": -0.08762747460894062,
        "nauc_ndcg_at_1_diff1": 0.8369488442502977,
        "nauc_ndcg_at_1_max": 0.6039004272241735,
        "nauc_ndcg_at_1_std": -0.1350732242809264,
        "nauc_ndcg_at_20_diff1": 0.8071029549266004,
        "nauc_ndcg_at_20_max": 0.6403096755939924,
        "nauc_ndcg_at_20_std": -0.08538387695353163,
        "nauc_ndcg_at_3_diff1": 0.8128555931455832,
        "nauc_ndcg_at_3_max": 0.6359048609006404,
        "nauc_ndcg_at_3_std": -0.10837132465433358,
        "nauc_ndcg_at_5_diff1": 0.8100500184832354,
        "nauc_ndcg_at_5_max": 0.6396195608924141,
        "nauc_ndcg_at_5_std": -0.09779699727480239,
        "nauc_precision_at_1000_diff1": 0.7399791358029539,
        "nauc_precision_at_1000_max": 0.8321308930241591,
        "nauc_precision_at_1000_std": 0.30223395999905117,
        "nauc_precision_at_100_diff1": 0.7316621031810384,
        "nauc_precision_at_100_max": 0.7621189393740302,
        "nauc_precision_at_100_std": 0.2155156447011109,
        "nauc_precision_at_10_diff1": 0.748946612877523,
        "nauc_precision_at_10_max": 0.7085272866910111,
        "nauc_precision_at_10_std": 0.03493109484045413,
        "nauc_precision_at_1_diff1": 0.8369488442502977,
        "nauc_precision_at_1_max": 0.6039004272241735,
        "nauc_precision_at_1_std": -0.1350732242809264,
        "nauc_precision_at_20_diff1": 0.7359602690503735,
        "nauc_precision_at_20_max": 0.7234377121306069,
        "nauc_precision_at_20_std": 0.09088045805660872,
        "nauc_precision_at_3_diff1": 0.790530865455086,
        "nauc_precision_at_3_max": 0.668006127948447,
        "nauc_precision_at_3_std": -0.07757277650725183,
        "nauc_precision_at_5_diff1": 0.7767786490408267,
        "nauc_precision_at_5_max": 0.6869114528861869,
        "nauc_precision_at_5_std": -0.03667825915961065,
        "nauc_recall_at_1000_diff1": 0.7399791358029552,
        "nauc_recall_at_1000_max": 0.8321308930241571,
        "nauc_recall_at_1000_std": 0.3022339599990561,
        "nauc_recall_at_100_diff1": 0.7316621031810427,
        "nauc_recall_at_100_max": 0.7621189393740176,
        "nauc_recall_at_100_std": 0.215515644701118,
        "nauc_recall_at_10_diff1": 0.7489466128775227,
        "nauc_recall_at_10_max": 0.7085272866910103,
        "nauc_recall_at_10_std": 0.03493109484045317,
        "nauc_recall_at_1_diff1": 0.8369488442502977,
        "nauc_recall_at_1_max": 0.6039004272241735,
        "nauc_recall_at_1_std": -0.1350732242809264,
        "nauc_recall_at_20_diff1": 0.7359602690503705,
        "nauc_recall_at_20_max": 0.7234377121306056,
        "nauc_recall_at_20_std": 0.09088045805661091,
        "nauc_recall_at_3_diff1": 0.7905308654550843,
        "nauc_recall_at_3_max": 0.6680061279484463,
        "nauc_recall_at_3_std": -0.07757277650725362,
        "nauc_recall_at_5_diff1": 0.7767786490408273,
        "nauc_recall_at_5_max": 0.6869114528861863,
        "nauc_recall_at_5_std": -0.036678259159610385,
        "ndcg_at_1": 0.71827,
        "ndcg_at_10": 0.80724,
        "ndcg_at_100": 0.82163,
        "ndcg_at_1000": 0.82512,
        "ndcg_at_20": 0.81344,
        "ndcg_at_3": 0.78247,
        "ndcg_at_5": 0.79517,
        "precision_at_1": 0.71827,
        "precision_at_10": 0.08947,
        "precision_at_100": 0.00963,
        "precision_at_1000": 0.00099,
        "precision_at_20": 0.04595,
        "precision_at_3": 0.27556,
        "precision_at_5": 0.1715,
        "recall_at_1": 0.71827,
        "recall_at_10": 0.89469,
        "recall_at_100": 0.9629,
        "recall_at_1000": 0.9903,
        "recall_at_20": 0.91909,
        "recall_at_3": 0.82668,
        "recall_at_5": 0.85749
      }
    ]
  },
  "task_name": "USNewsRetrieval"
}