{
  "dataset_revision": "27d0b84029e5de607fc7a8e2fb2a315e9b71f570",
  "evaluation_time": 0.5206701755523682,
  "kg_co2_emissions": null,
  "mteb_version": "1.12.49",
  "scores": {
    "train": [
      {
        "hf_subset": "default",
        "languages": [
          "eng-Latn"
        ],
        "main_score": 0.88933,
        "map_at_1": 0.78,
        "map_at_10": 0.86167,
        "map_at_100": 0.86316,
        "map_at_1000": 0.86316,
        "map_at_20": 0.8625,
        "map_at_3": 0.85667,
        "map_at_5": 0.86167,
        "mrr_at_1": 0.78,
        "mrr_at_10": 0.8633333333333333,
        "mrr_at_100": 0.8648227513227513,
        "mrr_at_1000": 0.8648227513227513,
        "mrr_at_20": 0.8641666666666667,
        "mrr_at_3": 0.8583333333333333,
        "mrr_at_5": 0.8633333333333333,
        "nauc_map_at_1000_diff1": 0.6434009256839758,
        "nauc_map_at_1000_max": 0.3986077164632858,
        "nauc_map_at_1000_std": -0.2601709420780366,
        "nauc_map_at_100_diff1": 0.6434009256839758,
        "nauc_map_at_100_max": 0.3986077164632858,
        "nauc_map_at_100_std": -0.2601709420780366,
        "nauc_map_at_10_diff1": 0.6339134944758036,
        "nauc_map_at_10_max": 0.40433070391277126,
        "nauc_map_at_10_std": -0.2609428523182311,
        "nauc_map_at_1_diff1": 0.7197570362127317,
        "nauc_map_at_1_max": 0.32454676125562243,
        "nauc_map_at_1_std": -0.2892613715398535,
        "nauc_map_at_20_diff1": 0.6416977753497823,
        "nauc_map_at_20_max": 0.40130808218762315,
        "nauc_map_at_20_std": -0.2551519014234126,
        "nauc_map_at_3_diff1": 0.6340729903275629,
        "nauc_map_at_3_max": 0.4213722553151965,
        "nauc_map_at_3_std": -0.2650108568177317,
        "nauc_map_at_5_diff1": 0.6339134944758036,
        "nauc_map_at_5_max": 0.40433070391277126,
        "nauc_map_at_5_std": -0.2609428523182311,
        "nauc_mrr_at_1000_diff1": 0.6334860072853068,
        "nauc_mrr_at_1000_max": 0.5814888632541704,
        "nauc_mrr_at_1000_std": -0.2813213524886014,
        "nauc_mrr_at_100_diff1": 0.6334860072853068,
        "nauc_mrr_at_100_max": 0.5814888632541704,
        "nauc_mrr_at_100_std": -0.2813213524886014,
        "nauc_mrr_at_10_diff1": 0.6239903711035348,
        "nauc_mrr_at_10_max": 0.5851479159793238,
        "nauc_mrr_at_10_std": -0.28185600645184916,
        "nauc_mrr_at_1_diff1": 0.7132656373162698,
        "nauc_mrr_at_1_max": 0.5125423100106646,
        "nauc_mrr_at_1_std": -0.3476839616080132,
        "nauc_mrr_at_20_diff1": 0.6318118361899839,
        "nauc_mrr_at_20_max": 0.5832764463140272,
        "nauc_mrr_at_20_std": -0.2761265167309347,
        "nauc_mrr_at_3_diff1": 0.624526748971194,
        "nauc_mrr_at_3_max": 0.5955731922398585,
        "nauc_mrr_at_3_std": -0.28518518518518426,
        "nauc_mrr_at_5_diff1": 0.6239903711035348,
        "nauc_mrr_at_5_max": 0.5851479159793238,
        "nauc_mrr_at_5_std": -0.28185600645184916,
        "nauc_ndcg_at_1000_diff1": 0.6316989366871538,
        "nauc_ndcg_at_1000_max": 0.4112681238685724,
        "nauc_ndcg_at_1000_std": -0.24992730886804485,
        "nauc_ndcg_at_100_diff1": 0.6316989366871538,
        "nauc_ndcg_at_100_max": 0.4112681238685724,
        "nauc_ndcg_at_100_std": -0.24992730886804485,
        "nauc_ndcg_at_10_diff1": 0.5889391046897251,
        "nauc_ndcg_at_10_max": 0.4433415377302734,
        "nauc_ndcg_at_10_std": -0.23702689750762632,
        "nauc_ndcg_at_1_diff1": 0.7197570362127317,
        "nauc_ndcg_at_1_max": 0.32454676125562243,
        "nauc_ndcg_at_1_std": -0.2892613715398535,
        "nauc_ndcg_at_20_diff1": 0.6197440524643002,
        "nauc_ndcg_at_20_max": 0.4319560036853831,
        "nauc_ndcg_at_20_std": -0.21257658699816495,
        "nauc_ndcg_at_3_diff1": 0.5927127777120279,
        "nauc_ndcg_at_3_max": 0.4753525355632106,
        "nauc_ndcg_at_3_std": -0.2472143409912276,
        "nauc_ndcg_at_5_diff1": 0.5889391046897251,
        "nauc_ndcg_at_5_max": 0.4433415377302734,
        "nauc_ndcg_at_5_std": -0.23702689750762632,
        "nauc_precision_at_1000_diff1": NaN,
        "nauc_precision_at_1000_max": NaN,
        "nauc_precision_at_1000_std": NaN,
        "nauc_precision_at_100_diff1": NaN,
        "nauc_precision_at_100_max": NaN,
        "nauc_precision_at_100_std": NaN,
        "nauc_precision_at_10_diff1": 0.03781512605041818,
        "nauc_precision_at_10_max": 0.9128540305010848,
        "nauc_precision_at_10_std": 0.0687830687830643,
        "nauc_precision_at_1_diff1": 0.7197570362127317,
        "nauc_precision_at_1_max": 0.32454676125562243,
        "nauc_precision_at_1_std": -0.2892613715398535,
        "nauc_precision_at_20_diff1": 0.3384687208216692,
        "nauc_precision_at_20_max": 0.9346405228758136,
        "nauc_precision_at_20_std": 0.6790382819794609,
        "nauc_precision_at_3_diff1": 0.27796451914099046,
        "nauc_precision_at_3_max": 0.8921568627450972,
        "nauc_precision_at_3_std": -0.10672268907563044,
        "nauc_precision_at_5_diff1": 0.03781512605041818,
        "nauc_precision_at_5_max": 0.9128540305010848,
        "nauc_precision_at_5_std": 0.0687830687830643,
        "nauc_recall_at_1000_diff1": NaN,
        "nauc_recall_at_1000_max": NaN,
        "nauc_recall_at_1000_std": NaN,
        "nauc_recall_at_100_diff1": NaN,
        "nauc_recall_at_100_max": NaN,
        "nauc_recall_at_100_std": NaN,
        "nauc_recall_at_10_diff1": 0.03781512605041729,
        "nauc_recall_at_10_max": 0.912854030501093,
        "nauc_recall_at_10_std": 0.06878306878306793,
        "nauc_recall_at_1_diff1": 0.7197570362127317,
        "nauc_recall_at_1_max": 0.32454676125562243,
        "nauc_recall_at_1_std": -0.2892613715398535,
        "nauc_recall_at_20_diff1": 0.3384687208216605,
        "nauc_recall_at_20_max": 0.9346405228758133,
        "nauc_recall_at_20_std": 0.6790382819794599,
        "nauc_recall_at_3_diff1": 0.27796451914099085,
        "nauc_recall_at_3_max": 0.8921568627450971,
        "nauc_recall_at_3_std": -0.10672268907563058,
        "nauc_recall_at_5_diff1": 0.03781512605041729,
        "nauc_recall_at_5_max": 0.912854030501093,
        "nauc_recall_at_5_std": 0.06878306878306793,
        "ndcg_at_1": 0.78,
        "ndcg_at_10": 0.88933,
        "ndcg_at_100": 0.89604,
        "ndcg_at_1000": 0.89604,
        "ndcg_at_20": 0.89203,
        "ndcg_at_3": 0.88071,
        "ndcg_at_5": 0.88933,
        "precision_at_1": 0.78,
        "precision_at_10": 0.097,
        "precision_at_100": 0.01,
        "precision_at_1000": 0.001,
        "precision_at_20": 0.049,
        "precision_at_3": 0.31667,
        "precision_at_5": 0.194,
        "recall_at_1": 0.78,
        "recall_at_10": 0.97,
        "recall_at_100": 1.0,
        "recall_at_1000": 1.0,
        "recall_at_20": 0.98,
        "recall_at_3": 0.95,
        "recall_at_5": 0.97
      }
    ]
  },
  "task_name": "Apple10KRetrieval"
}