{
  "dataset_revision": "036a3cbc49ce9e77af1832693a32bfdf6207bb57",
  "evaluation_time": 9.605489253997803,
  "kg_co2_emissions": null,
  "mteb_version": "1.12.49",
  "scores": {
    "test": [
      {
        "cosine_pearson": 0.17681778884958446,
        "cosine_spearman": 0.17025037411311397,
        "euclidean_pearson": 0.18047362377845758,
        "euclidean_spearman": 0.17025037411311397,
        "hf_subset": "default",
        "languages": [
          "eng-Latn"
        ],
        "main_score": 0.17025037411311397,
        "manhattan_pearson": 0.18074534725573546,
        "manhattan_spearman": 0.16850955146712593,
        "pearson": [
          0.17681779907593792,
          1.813790407077668e-08
        ],
        "spearman": [
          0.17025037411311397,
          6.072708197248927e-08
        ]
      }
    ]
  },
  "task_name": "Ectsum"
}