{
  "dataset_revision": "4738010357e3dda4b337abbde86d5b36c3118c8f",
  "evaluation_time": 1.3546736240386963,
  "kg_co2_emissions": null,
  "mteb_version": "1.12.49",
  "scores": {
    "train": [
      {
        "hf_subset": "default",
        "languages": [
          "eng-Latn"
        ],
        "main_score": 0.7153,
        "map_at_1": 0.41778,
        "map_at_10": 0.63256,
        "map_at_100": 0.63572,
        "map_at_1000": 0.63572,
        "map_at_20": 0.63488,
        "map_at_3": 0.57333,
        "map_at_5": 0.6215,
        "mrr_at_1": 0.4866666666666667,
        "mrr_at_10": 0.6566851851851851,
        "mrr_at_100": 0.6593725265816279,
        "mrr_at_1000": 0.6593725265816279,
        "mrr_at_20": 0.6585353072853073,
        "mrr_at_3": 0.6266666666666667,
        "mrr_at_5": 0.6506666666666666,
        "nauc_map_at_1000_diff1": 0.4510555145598889,
        "nauc_map_at_1000_max": 0.46877904419595073,
        "nauc_map_at_1000_std": 0.3075767396356617,
        "nauc_map_at_100_diff1": 0.4510555145598889,
        "nauc_map_at_100_max": 0.46877904419595073,
        "nauc_map_at_100_std": 0.3075767396356617,
        "nauc_map_at_10_diff1": 0.45108175989891897,
        "nauc_map_at_10_max": 0.4693596765029209,
        "nauc_map_at_10_std": 0.3098309652510358,
        "nauc_map_at_1_diff1": 0.48441582131004773,
        "nauc_map_at_1_max": 0.4350948525431308,
        "nauc_map_at_1_std": 0.2763330548167675,
        "nauc_map_at_20_diff1": 0.4495454016800019,
        "nauc_map_at_20_max": 0.47023250264907485,
        "nauc_map_at_20_std": 0.3095422885973295,
        "nauc_map_at_3_diff1": 0.4402825927093181,
        "nauc_map_at_3_max": 0.4715498826907595,
        "nauc_map_at_3_std": 0.33860086843856185,
        "nauc_map_at_5_diff1": 0.43924262201232506,
        "nauc_map_at_5_max": 0.47434413838897205,
        "nauc_map_at_5_std": 0.3031391073912115,
        "nauc_mrr_at_1000_diff1": 0.4756602604563214,
        "nauc_mrr_at_1000_max": 0.5041302456821676,
        "nauc_mrr_at_1000_std": 0.28509003172243,
        "nauc_mrr_at_100_diff1": 0.4756602604563214,
        "nauc_mrr_at_100_max": 0.5041302456821676,
        "nauc_mrr_at_100_std": 0.28509003172243,
        "nauc_mrr_at_10_diff1": 0.4765831100573589,
        "nauc_mrr_at_10_max": 0.5047716170876023,
        "nauc_mrr_at_10_std": 0.2870058400261891,
        "nauc_mrr_at_1_diff1": 0.5274754423037814,
        "nauc_mrr_at_1_max": 0.48167567041847553,
        "nauc_mrr_at_1_std": 0.23677067399934568,
        "nauc_mrr_at_20_diff1": 0.47405378562408157,
        "nauc_mrr_at_20_max": 0.5054812288854826,
        "nauc_mrr_at_20_std": 0.2871494602963359,
        "nauc_mrr_at_3_diff1": 0.4750372221239459,
        "nauc_mrr_at_3_max": 0.5115425437820619,
        "nauc_mrr_at_3_std": 0.3011030278907955,
        "nauc_mrr_at_5_diff1": 0.4692770309378053,
        "nauc_mrr_at_5_max": 0.5002269648565348,
        "nauc_mrr_at_5_std": 0.28340146255636567,
        "nauc_ndcg_at_1000_diff1": 0.43515029082371576,
        "nauc_ndcg_at_1000_max": 0.47721477895749026,
        "nauc_ndcg_at_1000_std": 0.3112250484591991,
        "nauc_ndcg_at_100_diff1": 0.43515029082371576,
        "nauc_ndcg_at_100_max": 0.47721477895749026,
        "nauc_ndcg_at_100_std": 0.3112250484591991,
        "nauc_ndcg_at_10_diff1": 0.4321514873024886,
        "nauc_ndcg_at_10_max": 0.4842783596248427,
        "nauc_ndcg_at_10_std": 0.3265432521532026,
        "nauc_ndcg_at_1_diff1": 0.5072404686364521,
        "nauc_ndcg_at_1_max": 0.4969070703131924,
        "nauc_ndcg_at_1_std": 0.2683936262606567,
        "nauc_ndcg_at_20_diff1": 0.42256322732390833,
        "nauc_ndcg_at_20_max": 0.4883806227958505,
        "nauc_ndcg_at_20_std": 0.32723326593373425,
        "nauc_ndcg_at_3_diff1": 0.4226712631028432,
        "nauc_ndcg_at_3_max": 0.4892250266453901,
        "nauc_ndcg_at_3_std": 0.3588416315591357,
        "nauc_ndcg_at_5_diff1": 0.4096600097286542,
        "nauc_ndcg_at_5_max": 0.4857685992369151,
        "nauc_ndcg_at_5_std": 0.3053742850180566,
        "nauc_precision_at_1000_diff1": -0.011598636482825098,
        "nauc_precision_at_1000_max": -0.032313608950266755,
        "nauc_precision_at_1000_std": -0.10001748098942381,
        "nauc_precision_at_100_diff1": -0.0115986364828251,
        "nauc_precision_at_100_max": -0.03231360895026648,
        "nauc_precision_at_100_std": -0.10001748098942426,
        "nauc_precision_at_10_diff1": 0.03041299994629374,
        "nauc_precision_at_10_max": 0.054573074827948494,
        "nauc_precision_at_10_std": -0.0037824442415544837,
        "nauc_precision_at_1_diff1": 0.5072404686364521,
        "nauc_precision_at_1_max": 0.4969070703131924,
        "nauc_precision_at_1_std": 0.2683936262606567,
        "nauc_precision_at_20_diff1": -0.015018946478232043,
        "nauc_precision_at_20_max": 0.03277822049472269,
        "nauc_precision_at_20_std": -0.028216428954772735,
        "nauc_precision_at_3_diff1": 0.24279925130385777,
        "nauc_precision_at_3_max": 0.375020443766014,
        "nauc_precision_at_3_std": 0.26188009958385533,
        "nauc_precision_at_5_diff1": 0.050631232346561514,
        "nauc_precision_at_5_max": 0.17081506218692036,
        "nauc_precision_at_5_std": 0.0016775643326420232,
        "nauc_recall_at_1000_diff1": -0.1769374416433142,
        "nauc_recall_at_1000_max": 0.3076563958916956,
        "nauc_recall_at_1000_std": 0.47012138188609803,
        "nauc_recall_at_100_diff1": -0.1769374416433142,
        "nauc_recall_at_100_max": 0.3076563958916956,
        "nauc_recall_at_100_std": 0.47012138188609803,
        "nauc_recall_at_10_diff1": 0.21590892767363437,
        "nauc_recall_at_10_max": 0.5400201106083459,
        "nauc_recall_at_10_std": 0.5566113624937156,
        "nauc_recall_at_1_diff1": 0.48441582131004773,
        "nauc_recall_at_1_max": 0.4350948525431308,
        "nauc_recall_at_1_std": 0.2763330548167675,
        "nauc_recall_at_20_diff1": -0.10351860042262509,
        "nauc_recall_at_20_max": 0.6830065359477143,
        "nauc_recall_at_20_std": 0.760921912624701,
        "nauc_recall_at_3_diff1": 0.31961343342620696,
        "nauc_recall_at_3_max": 0.4828645352619877,
        "nauc_recall_at_3_std": 0.4360243560285933,
        "nauc_recall_at_5_diff1": 0.19394977645928288,
        "nauc_recall_at_5_max": 0.4944720678560978,
        "nauc_recall_at_5_std": 0.331157815568462,
        "ndcg_at_1": 0.49333,
        "ndcg_at_10": 0.7153,
        "ndcg_at_100": 0.72837,
        "ndcg_at_1000": 0.72837,
        "ndcg_at_20": 0.7231,
        "ndcg_at_3": 0.62576,
        "ndcg_at_5": 0.69473,
        "precision_at_1": 0.49333,
        "precision_at_10": 0.118,
        "precision_at_100": 0.0124,
        "precision_at_1000": 0.00124,
        "precision_at_20": 0.06067,
        "precision_at_3": 0.29333,
        "precision_at_5": 0.21867,
        "recall_at_1": 0.41778,
        "recall_at_10": 0.92778,
        "recall_at_100": 0.98444,
        "recall_at_1000": 0.98444,
        "recall_at_20": 0.95778,
        "recall_at_3": 0.72111,
        "recall_at_5": 0.87222
      }
    ]
  },
  "task_name": "FinanceBenchRetrieval"
}