{
  "dataset_revision": "70435b4984c687051ecf38b9d2686f33345dcced",
  "evaluation_time": 18.575546979904175,
  "kg_co2_emissions": null,
  "mteb_version": "1.12.49",
  "scores": {
    "test": [
      {
        "hf_subset": "default",
        "languages": [
          "eng-Latn"
        ],
        "main_score": 0.9943666666666665,
        "map": 0.9943666666666665,
        "mrr": 0.9943666666666665,
        "nAUC_map_diff1": 1.0,
        "nAUC_map_max": 0.9806628765904907,
        "nAUC_map_std": 0.922582445206885,
        "nAUC_mrr_diff1": 1.0,
        "nAUC_mrr_max": 0.9806628765904907,
        "nAUC_mrr_std": 0.922582445206885
      }
    ]
  },
  "task_name": "FinFactReranking"
}