{
  "dataset_revision": "1d4500eefb223c2977187649928561e14108042a",
  "evaluation_time": 67.49392199516296,
  "kg_co2_emissions": null,
  "mteb_version": "1.12.49",
  "scores": {
    "train": [
      {
        "hf_subset": "default",
        "languages": [
          "eng-Latn"
        ],
        "main_score": 0.13509,
        "map_at_1": 0.04565,
        "map_at_10": 0.10131,
        "map_at_100": 0.11042,
        "map_at_1000": 0.11159,
        "map_at_20": 0.106,
        "map_at_3": 0.08075,
        "map_at_5": 0.0925,
        "mrr_at_1": 0.04649196956889264,
        "mrr_at_10": 0.10206966415757625,
        "mrr_at_100": 0.1110778164935338,
        "mrr_at_1000": 0.11224593494018295,
        "mrr_at_20": 0.10670358765331105,
        "mrr_at_3": 0.08147164191120235,
        "mrr_at_5": 0.09302217928591555,
        "nauc_map_at_1000_diff1": -0.03096235495613881,
        "nauc_map_at_1000_max": 0.21938238911279234,
        "nauc_map_at_1000_std": 0.05382577161004517,
        "nauc_map_at_100_diff1": -0.03076098777513635,
        "nauc_map_at_100_max": 0.21927851478466512,
        "nauc_map_at_100_std": 0.053200166055029405,
        "nauc_map_at_10_diff1": -0.03262756548070962,
        "nauc_map_at_10_max": 0.22022429499453658,
        "nauc_map_at_10_std": 0.04565423194664805,
        "nauc_map_at_1_diff1": -0.011495408574976529,
        "nauc_map_at_1_max": 0.21097594456259727,
        "nauc_map_at_1_std": 0.01749878667538294,
        "nauc_map_at_20_diff1": -0.031247265759631267,
        "nauc_map_at_20_max": 0.22033362894293368,
        "nauc_map_at_20_std": 0.04974530262200207,
        "nauc_map_at_3_diff1": -0.02999812154810621,
        "nauc_map_at_3_max": 0.22266200474013154,
        "nauc_map_at_3_std": 0.03096022857359734,
        "nauc_map_at_5_diff1": -0.030984612879293952,
        "nauc_map_at_5_max": 0.22335571525349537,
        "nauc_map_at_5_std": 0.03856117827724517,
        "nauc_mrr_at_1000_diff1": -0.02791887723189644,
        "nauc_mrr_at_1000_max": 0.21956556800384947,
        "nauc_mrr_at_1000_std": 0.05751530875613113,
        "nauc_mrr_at_100_diff1": -0.027725101854988776,
        "nauc_mrr_at_100_max": 0.21946055093836542,
        "nauc_mrr_at_100_std": 0.05687995521784975,
        "nauc_mrr_at_10_diff1": -0.029037983950420797,
        "nauc_mrr_at_10_max": 0.22013020687622392,
        "nauc_mrr_at_10_std": 0.049920326795406214,
        "nauc_mrr_at_1_diff1": 0.0026435565952462885,
        "nauc_mrr_at_1_max": 0.21431196264001312,
        "nauc_mrr_at_1_std": 0.03668070206461684,
        "nauc_mrr_at_20_diff1": -0.028406145216784178,
        "nauc_mrr_at_20_max": 0.2202754763485389,
        "nauc_mrr_at_20_std": 0.0535256416928985,
        "nauc_mrr_at_3_diff1": -0.02645346382143448,
        "nauc_mrr_at_3_max": 0.22045536706818264,
        "nauc_mrr_at_3_std": 0.033821128555624184,
        "nauc_mrr_at_5_diff1": -0.027644176175404406,
        "nauc_mrr_at_5_max": 0.22390394588337223,
        "nauc_mrr_at_5_std": 0.04249940330442706,
        "nauc_ndcg_at_1000_diff1": -0.03117401036514008,
        "nauc_ndcg_at_1000_max": 0.21761127179794282,
        "nauc_ndcg_at_1000_std": 0.09799482297879364,
        "nauc_ndcg_at_100_diff1": -0.027070914010658705,
        "nauc_ndcg_at_100_max": 0.21555771576898097,
        "nauc_ndcg_at_100_std": 0.087561843887453,
        "nauc_ndcg_at_10_diff1": -0.03600370971491935,
        "nauc_ndcg_at_10_max": 0.22070741262139673,
        "nauc_ndcg_at_10_std": 0.0585446922321575,
        "nauc_ndcg_at_1_diff1": -0.011495408574976529,
        "nauc_ndcg_at_1_max": 0.21097594456259727,
        "nauc_ndcg_at_1_std": 0.01749878667538294,
        "nauc_ndcg_at_20_diff1": -0.0315694324239543,
        "nauc_ndcg_at_20_max": 0.22102524703645274,
        "nauc_ndcg_at_20_std": 0.06947195021907625,
        "nauc_ndcg_at_3_diff1": -0.031997686945107275,
        "nauc_ndcg_at_3_max": 0.22560872874540075,
        "nauc_ndcg_at_3_std": 0.03395473409321783,
        "nauc_ndcg_at_5_diff1": -0.03379332153579667,
        "nauc_ndcg_at_5_max": 0.22613127012741083,
        "nauc_ndcg_at_5_std": 0.045000874896313756,
        "nauc_precision_at_1000_diff1": -0.03482993003479871,
        "nauc_precision_at_1000_max": 0.21246191524064922,
        "nauc_precision_at_1000_std": 0.27904437678787564,
        "nauc_precision_at_100_diff1": -0.014286898895574562,
        "nauc_precision_at_100_max": 0.2052211946178691,
        "nauc_precision_at_100_std": 0.15875172979554564,
        "nauc_precision_at_10_diff1": -0.0410688868553504,
        "nauc_precision_at_10_max": 0.22092917576197255,
        "nauc_precision_at_10_std": 0.08092997730664181,
        "nauc_precision_at_1_diff1": -0.011495408574976529,
        "nauc_precision_at_1_max": 0.21097594456259727,
        "nauc_precision_at_1_std": 0.01749878667538294,
        "nauc_precision_at_20_diff1": -0.02995368036779762,
        "nauc_precision_at_20_max": 0.22170397705133332,
        "nauc_precision_at_20_std": 0.10378229503054318,
        "nauc_precision_at_3_diff1": -0.035532219019793906,
        "nauc_precision_at_3_max": 0.2314155401727302,
        "nauc_precision_at_3_std": 0.039794833856027556,
        "nauc_precision_at_5_diff1": -0.038567839427211696,
        "nauc_precision_at_5_max": 0.23079364870087357,
        "nauc_precision_at_5_std": 0.056471090868804655,
        "nauc_recall_at_1000_diff1": -0.03482993003479736,
        "nauc_recall_at_1000_max": 0.2124619152406498,
        "nauc_recall_at_1000_std": 0.27904437678787747,
        "nauc_recall_at_100_diff1": -0.014286898895574602,
        "nauc_recall_at_100_max": 0.20522119461786892,
        "nauc_recall_at_100_std": 0.15875172979554583,
        "nauc_recall_at_10_diff1": -0.041068886855350276,
        "nauc_recall_at_10_max": 0.22092917576197274,
        "nauc_recall_at_10_std": 0.08092997730664203,
        "nauc_recall_at_1_diff1": -0.011495408574976529,
        "nauc_recall_at_1_max": 0.21097594456259727,
        "nauc_recall_at_1_std": 0.01749878667538294,
        "nauc_recall_at_20_diff1": -0.02995368036779759,
        "nauc_recall_at_20_max": 0.2217039770513333,
        "nauc_recall_at_20_std": 0.10378229503054337,
        "nauc_recall_at_3_diff1": -0.03553221901979383,
        "nauc_recall_at_3_max": 0.23141554017273042,
        "nauc_recall_at_3_std": 0.03979483385602768,
        "nauc_recall_at_5_diff1": -0.038567839427211856,
        "nauc_recall_at_5_max": 0.23079364870087346,
        "nauc_recall_at_5_std": 0.05647109086880454,
        "ndcg_at_1": 0.04565,
        "ndcg_at_10": 0.13509,
        "ndcg_at_100": 0.18537,
        "ndcg_at_1000": 0.22129,
        "ndcg_at_20": 0.15228,
        "ndcg_at_3": 0.0928,
        "ndcg_at_5": 0.11391,
        "precision_at_1": 0.04565,
        "precision_at_10": 0.02441,
        "precision_at_100": 0.00493,
        "precision_at_1000": 0.00079,
        "precision_at_20": 0.01561,
        "precision_at_3": 0.04263,
        "precision_at_5": 0.03579,
        "recall_at_1": 0.04565,
        "recall_at_10": 0.24405,
        "recall_at_100": 0.49306,
        "recall_at_1000": 0.78638,
        "recall_at_20": 0.31228,
        "recall_at_3": 0.12788,
        "recall_at_5": 0.17896
      }
    ]
  },
  "task_name": "FinQARetrieval"
}