{
  "dataset_revision": "f6934c7980c19a3acb8aeba3b66b4766fbb4b9db",
  "evaluation_time": 25.564424753189087,
  "kg_co2_emissions": null,
  "mteb_version": "1.12.49",
  "scores": {
    "test": [
      {
        "hf_subset": "default",
        "languages": [
          "eng-Latn"
        ],
        "main_score": 0.9517103896103897,
        "map": 0.9517103896103897,
        "mrr": 0.9515285714285715,
        "nAUC_map_diff1": 0.9014575469838092,
        "nAUC_map_max": 0.7655652309542217,
        "nAUC_map_std": 0.5381515418324633,
        "nAUC_mrr_diff1": 0.9010610400626183,
        "nAUC_mrr_max": 0.7659236272037707,
        "nAUC_mrr_std": 0.5398839530572666
      }
    ]
  },
  "task_name": "FiQA2018Reranking"
}