{
  "dataset_revision": "d52555df9c5c856a01931c112e03eaa0f2d8d6d4",
  "evaluation_time": 162.47974824905396,
  "kg_co2_emissions": null,
  "mteb_version": "1.12.49",
  "scores": {
    "train": [
      {
        "hf_subset": "default",
        "languages": [
          "eng-Latn"
        ],
        "main_score": 0.41267,
        "map_at_1": 0.20811,
        "map_at_10": 0.33431,
        "map_at_100": 0.35324,
        "map_at_1000": 0.35498,
        "map_at_20": 0.34473,
        "map_at_3": 0.29249,
        "map_at_5": 0.31524,
        "mrr_at_1": 0.39034296028880866,
        "mrr_at_10": 0.482179507382576,
        "mrr_at_100": 0.4902345629637933,
        "mrr_at_1000": 0.49066286512654284,
        "mrr_at_20": 0.4869802837198348,
        "mrr_at_3": 0.45642799839550746,
        "mrr_at_5": 0.47110158443642197,
        "nauc_map_at_1000_diff1": 0.3910848850573712,
        "nauc_map_at_1000_max": 0.2505266844638919,
        "nauc_map_at_1000_std": 0.07576557368045868,
        "nauc_map_at_100_diff1": 0.3907551600113392,
        "nauc_map_at_100_max": 0.24964136681500107,
        "nauc_map_at_100_std": 0.07509541285256428,
        "nauc_map_at_10_diff1": 0.38990962907660665,
        "nauc_map_at_10_max": 0.23973935042886896,
        "nauc_map_at_10_std": 0.05936290269495164,
        "nauc_map_at_1_diff1": 0.4328786215128294,
        "nauc_map_at_1_max": 0.17357694628213333,
        "nauc_map_at_1_std": 0.0011790056281811548,
        "nauc_map_at_20_diff1": 0.3897701218327081,
        "nauc_map_at_20_max": 0.24507355698749117,
        "nauc_map_at_20_std": 0.06805440643215646,
        "nauc_map_at_3_diff1": 0.39640051193496095,
        "nauc_map_at_3_max": 0.2139474020669966,
        "nauc_map_at_3_std": 0.026881416518682817,
        "nauc_map_at_5_diff1": 0.38989184480407785,
        "nauc_map_at_5_max": 0.22677676409359518,
        "nauc_map_at_5_std": 0.0431540677596335,
        "nauc_mrr_at_1000_diff1": 0.4474338688735777,
        "nauc_mrr_at_1000_max": 0.3269450243815413,
        "nauc_mrr_at_1000_std": 0.09589031599686161,
        "nauc_mrr_at_100_diff1": 0.44728844308476656,
        "nauc_mrr_at_100_max": 0.32697902401261464,
        "nauc_mrr_at_100_std": 0.096071634361339,
        "nauc_mrr_at_10_diff1": 0.4470175919890187,
        "nauc_mrr_at_10_max": 0.32665702265467533,
        "nauc_mrr_at_10_std": 0.09429192456018619,
        "nauc_mrr_at_1_diff1": 0.4877883890764485,
        "nauc_mrr_at_1_max": 0.32049866414633527,
        "nauc_mrr_at_1_std": 0.06519970935224363,
        "nauc_mrr_at_20_diff1": 0.447083061971486,
        "nauc_mrr_at_20_max": 0.3268385076390356,
        "nauc_mrr_at_20_std": 0.09550910174029807,
        "nauc_mrr_at_3_diff1": 0.4523577948597602,
        "nauc_mrr_at_3_max": 0.3239794551812882,
        "nauc_mrr_at_3_std": 0.08568991297332192,
        "nauc_mrr_at_5_diff1": 0.4477443222454154,
        "nauc_mrr_at_5_max": 0.3262627758512998,
        "nauc_mrr_at_5_std": 0.09272927592943289,
        "nauc_ndcg_at_1000_diff1": 0.3961319897359271,
        "nauc_ndcg_at_1000_max": 0.29281468935398625,
        "nauc_ndcg_at_1000_std": 0.12623052419215197,
        "nauc_ndcg_at_100_diff1": 0.3899329824566559,
        "nauc_ndcg_at_100_max": 0.2833971724636837,
        "nauc_ndcg_at_100_std": 0.1250262070740873,
        "nauc_ndcg_at_10_diff1": 0.3880940957964665,
        "nauc_ndcg_at_10_max": 0.2662750367389402,
        "nauc_ndcg_at_10_std": 0.08886974577619887,
        "nauc_ndcg_at_1_diff1": 0.4877883890764485,
        "nauc_ndcg_at_1_max": 0.32049866414633527,
        "nauc_ndcg_at_1_std": 0.06519970935224363,
        "nauc_ndcg_at_20_diff1": 0.38684940712110355,
        "nauc_ndcg_at_20_max": 0.27123423724931284,
        "nauc_ndcg_at_20_std": 0.10190273352755366,
        "nauc_ndcg_at_3_diff1": 0.3979765432225295,
        "nauc_ndcg_at_3_max": 0.2744600680202513,
        "nauc_ndcg_at_3_std": 0.07432512377818747,
        "nauc_ndcg_at_5_diff1": 0.3899459758629697,
        "nauc_ndcg_at_5_max": 0.26449265583365755,
        "nauc_ndcg_at_5_std": 0.07721681846764786,
        "nauc_precision_at_1000_diff1": 0.010317670209551884,
        "nauc_precision_at_1000_max": 0.24059315883224094,
        "nauc_precision_at_1000_std": 0.22662964022265183,
        "nauc_precision_at_100_diff1": 0.08228551987218792,
        "nauc_precision_at_100_max": 0.28725823927600663,
        "nauc_precision_at_100_std": 0.2765807944669753,
        "nauc_precision_at_10_diff1": 0.1870363549723652,
        "nauc_precision_at_10_max": 0.3302065092691673,
        "nauc_precision_at_10_std": 0.2115074827393711,
        "nauc_precision_at_1_diff1": 0.4877883890764485,
        "nauc_precision_at_1_max": 0.32049866414633527,
        "nauc_precision_at_1_std": 0.06519970935224363,
        "nauc_precision_at_20_diff1": 0.15110592134733017,
        "nauc_precision_at_20_max": 0.32002125528715547,
        "nauc_precision_at_20_std": 0.2445679514512082,
        "nauc_precision_at_3_diff1": 0.2935706175297097,
        "nauc_precision_at_3_max": 0.33095378636688294,
        "nauc_precision_at_3_std": 0.12906091252514978,
        "nauc_precision_at_5_diff1": 0.23489487923950356,
        "nauc_precision_at_5_max": 0.3277826216147426,
        "nauc_precision_at_5_std": 0.16552101570610014,
        "nauc_recall_at_1000_diff1": 0.2350770437355702,
        "nauc_recall_at_1000_max": 0.2712805388516999,
        "nauc_recall_at_1000_std": 0.41286624265042837,
        "nauc_recall_at_100_diff1": 0.24025965793993054,
        "nauc_recall_at_100_max": 0.20754841763775322,
        "nauc_recall_at_100_std": 0.23663949961596195,
        "nauc_recall_at_10_diff1": 0.28687442714368894,
        "nauc_recall_at_10_max": 0.19886185086014477,
        "nauc_recall_at_10_std": 0.09810205419992825,
        "nauc_recall_at_1_diff1": 0.4328786215128294,
        "nauc_recall_at_1_max": 0.17357694628213333,
        "nauc_recall_at_1_std": 0.0011790056281811548,
        "nauc_recall_at_20_diff1": 0.2665168245315737,
        "nauc_recall_at_20_max": 0.19742731697172797,
        "nauc_recall_at_20_std": 0.1305231095755591,
        "nauc_recall_at_3_diff1": 0.33225118399823833,
        "nauc_recall_at_3_max": 0.18236747688607838,
        "nauc_recall_at_3_std": 0.03523860567515656,
        "nauc_recall_at_5_diff1": 0.3058575576848414,
        "nauc_recall_at_5_max": 0.19063921736984313,
        "nauc_recall_at_5_std": 0.06306052597608294,
        "ndcg_at_1": 0.39034,
        "ndcg_at_10": 0.41267,
        "ndcg_at_100": 0.47965,
        "ndcg_at_1000": 0.50884,
        "ndcg_at_20": 0.43866,
        "ndcg_at_3": 0.37095,
        "ndcg_at_5": 0.3851,
        "precision_at_1": 0.39034,
        "precision_at_10": 0.11115,
        "precision_at_100": 0.01806,
        "precision_at_1000": 0.00231,
        "precision_at_20": 0.06673,
        "precision_at_3": 0.24128,
        "precision_at_5": 0.1778,
        "recall_at_1": 0.20811,
        "recall_at_10": 0.48928,
        "recall_at_100": 0.7389,
        "recall_at_1000": 0.91385,
        "recall_at_20": 0.57073,
        "recall_at_3": 0.34491,
        "recall_at_5": 0.40623
      }
    ]
  },
  "task_name": "FiQA2018Retrieval"
}