{
  "dataset_revision": "7018353fb281b866e5934eeb496251be4ad3585f",
  "evaluation_time": 20.245099544525146,
  "kg_co2_emissions": null,
  "mteb_version": "1.12.49",
  "scores": {
    "train": [
      {
        "hf_subset": "default",
        "languages": [
          "eng-Latn"
        ],
        "main_score": 0.53378,
        "map_at_1": 0.39359,
        "map_at_10": 0.48569,
        "map_at_100": 0.49436,
        "map_at_1000": 0.49476,
        "map_at_20": 0.49069,
        "map_at_3": 0.46203,
        "map_at_5": 0.47568,
        "mrr_at_1": 0.39359267734553777,
        "mrr_at_10": 0.4856896670016426,
        "mrr_at_100": 0.4943568254714746,
        "mrr_at_1000": 0.494764274110823,
        "mrr_at_20": 0.4906850927593194,
        "mrr_at_3": 0.4620306805661497,
        "mrr_at_5": 0.4756843800322061,
        "nauc_map_at_1000_diff1": 0.5867960431512523,
        "nauc_map_at_1000_max": 0.34903531567207163,
        "nauc_map_at_1000_std": -0.04813764979195017,
        "nauc_map_at_100_diff1": 0.5866250762139544,
        "nauc_map_at_100_max": 0.3489674170795894,
        "nauc_map_at_100_std": -0.04793445137800448,
        "nauc_map_at_10_diff1": 0.5864998848099859,
        "nauc_map_at_10_max": 0.34868566656738903,
        "nauc_map_at_10_std": -0.05069471688660173,
        "nauc_map_at_1_diff1": 0.6451414764287444,
        "nauc_map_at_1_max": 0.36028935790045147,
        "nauc_map_at_1_std": -0.05809139084270329,
        "nauc_map_at_20_diff1": 0.5859567112996682,
        "nauc_map_at_20_max": 0.3488448835072328,
        "nauc_map_at_20_std": -0.049138118089197894,
        "nauc_map_at_3_diff1": 0.5900106931680632,
        "nauc_map_at_3_max": 0.3495556305299244,
        "nauc_map_at_3_std": -0.05345010821722702,
        "nauc_map_at_5_diff1": 0.5858684246963894,
        "nauc_map_at_5_max": 0.3485803108782666,
        "nauc_map_at_5_std": -0.0519249640039033,
        "nauc_mrr_at_1000_diff1": 0.5867960431512523,
        "nauc_mrr_at_1000_max": 0.34903531567207163,
        "nauc_mrr_at_1000_std": -0.04813764979195017,
        "nauc_mrr_at_100_diff1": 0.5866250762139544,
        "nauc_mrr_at_100_max": 0.3489674170795894,
        "nauc_mrr_at_100_std": -0.04793445137800448,
        "nauc_mrr_at_10_diff1": 0.5864998848099859,
        "nauc_mrr_at_10_max": 0.34868566656738903,
        "nauc_mrr_at_10_std": -0.05069471688660173,
        "nauc_mrr_at_1_diff1": 0.6451414764287444,
        "nauc_mrr_at_1_max": 0.36028935790045147,
        "nauc_mrr_at_1_std": -0.05809139084270329,
        "nauc_mrr_at_20_diff1": 0.5859567112996682,
        "nauc_mrr_at_20_max": 0.3488448835072328,
        "nauc_mrr_at_20_std": -0.049138118089197894,
        "nauc_mrr_at_3_diff1": 0.5900106931680632,
        "nauc_mrr_at_3_max": 0.3495556305299244,
        "nauc_mrr_at_3_std": -0.05345010821722702,
        "nauc_mrr_at_5_diff1": 0.5858684246963894,
        "nauc_mrr_at_5_max": 0.3485803108782666,
        "nauc_mrr_at_5_std": -0.0519249640039033,
        "nauc_ndcg_at_1000_diff1": 0.5725625447356384,
        "nauc_ndcg_at_1000_max": 0.34718429997007,
        "nauc_ndcg_at_1000_std": -0.03773929628948556,
        "nauc_ndcg_at_100_diff1": 0.5667190525824277,
        "nauc_ndcg_at_100_max": 0.34594928103489797,
        "nauc_ndcg_at_100_std": -0.030805977489356345,
        "nauc_ndcg_at_10_diff1": 0.5646643670562774,
        "nauc_ndcg_at_10_max": 0.3442407632932651,
        "nauc_ndcg_at_10_std": -0.04575391673057788,
        "nauc_ndcg_at_1_diff1": 0.6451414764287444,
        "nauc_ndcg_at_1_max": 0.36028935790045147,
        "nauc_ndcg_at_1_std": -0.05809139084270329,
        "nauc_ndcg_at_20_diff1": 0.5619029773602886,
        "nauc_ndcg_at_20_max": 0.34480343997602025,
        "nauc_ndcg_at_20_std": -0.03908251300456369,
        "nauc_ndcg_at_3_diff1": 0.5722283899025358,
        "nauc_ndcg_at_3_max": 0.34623307907397266,
        "nauc_ndcg_at_3_std": -0.05175406039195266,
        "nauc_ndcg_at_5_diff1": 0.5642354603886036,
        "nauc_ndcg_at_5_max": 0.3444866036083764,
        "nauc_ndcg_at_5_std": -0.049123809239956774,
        "nauc_precision_at_1000_diff1": 0.3419338815536654,
        "nauc_precision_at_1000_max": 0.35602447490749195,
        "nauc_precision_at_1000_std": 0.42877264574497537,
        "nauc_precision_at_100_diff1": 0.4042731132191202,
        "nauc_precision_at_100_max": 0.32704089962532346,
        "nauc_precision_at_100_std": 0.19089489919691918,
        "nauc_precision_at_10_diff1": 0.48326194348579604,
        "nauc_precision_at_10_max": 0.32730795929714646,
        "nauc_precision_at_10_std": -0.025397644824203182,
        "nauc_precision_at_1_diff1": 0.6451414764287444,
        "nauc_precision_at_1_max": 0.36028935790045147,
        "nauc_precision_at_1_std": -0.05809139084270329,
        "nauc_precision_at_20_diff1": 0.44979916359288813,
        "nauc_precision_at_20_max": 0.3269122341976138,
        "nauc_precision_at_20_std": 0.017958229097527215,
        "nauc_precision_at_3_diff1": 0.5183228830407416,
        "nauc_precision_at_3_max": 0.3362079501218107,
        "nauc_precision_at_3_std": -0.04654577632763003,
        "nauc_precision_at_5_diff1": 0.4935031409141786,
        "nauc_precision_at_5_max": 0.331204190015359,
        "nauc_precision_at_5_std": -0.039793302548852647,
        "nauc_recall_at_1000_diff1": 0.341933881553675,
        "nauc_recall_at_1000_max": 0.3560244749075104,
        "nauc_recall_at_1000_std": 0.42877264574499274,
        "nauc_recall_at_100_diff1": 0.40427311321912107,
        "nauc_recall_at_100_max": 0.3270408996253242,
        "nauc_recall_at_100_std": 0.19089489919692018,
        "nauc_recall_at_10_diff1": 0.4832619434857965,
        "nauc_recall_at_10_max": 0.32730795929714684,
        "nauc_recall_at_10_std": -0.025397644824202443,
        "nauc_recall_at_1_diff1": 0.6451414764287444,
        "nauc_recall_at_1_max": 0.36028935790045147,
        "nauc_recall_at_1_std": -0.05809139084270329,
        "nauc_recall_at_20_diff1": 0.4497991635928877,
        "nauc_recall_at_20_max": 0.32691223419761317,
        "nauc_recall_at_20_std": 0.017958229097527065,
        "nauc_recall_at_3_diff1": 0.5183228830407417,
        "nauc_recall_at_3_max": 0.33620795012181065,
        "nauc_recall_at_3_std": -0.04654577632763005,
        "nauc_recall_at_5_diff1": 0.4935031409141781,
        "nauc_recall_at_5_max": 0.331204190015359,
        "nauc_recall_at_5_std": -0.039793302548852806,
        "ndcg_at_1": 0.39359,
        "ndcg_at_10": 0.53378,
        "ndcg_at_100": 0.57778,
        "ndcg_at_1000": 0.58896,
        "ndcg_at_20": 0.55197,
        "ndcg_at_3": 0.48472,
        "ndcg_at_5": 0.50943,
        "precision_at_1": 0.39359,
        "precision_at_10": 0.06862,
        "precision_at_100": 0.00896,
        "precision_at_1000": 0.00098,
        "precision_at_20": 0.03791,
        "precision_at_3": 0.18349,
        "precision_at_5": 0.12215,
        "recall_at_1": 0.39359,
        "recall_at_10": 0.68624,
        "recall_at_100": 0.89575,
        "recall_at_1000": 0.98449,
        "recall_at_20": 0.7582,
        "recall_at_3": 0.55047,
        "recall_at_5": 0.61073
      }
    ]
  },
  "task_name": "HC3Retrieval"
}