{
  "dataset_revision": "538a43bb89e86fd40a8d1b9c7e630f8c3aa67a6c",
  "evaluation_time": 22.28370475769043,
  "kg_co2_emissions": null,
  "mteb_version": "1.12.49",
  "scores": {
    "test": [
      {
        "hf_subset": "default",
        "languages": [
          "eng-Latn"
        ],
        "main_score": 0.983989393939394,
        "map": 0.983989393939394,
        "mrr": 0.9995,
        "nAUC_map_diff1": -0.5518190494392747,
        "nAUC_map_max": 0.4392708409820439,
        "nAUC_map_std": 0.6440732060781177,
        "nAUC_mrr_diff1": 0.869281045751564,
        "nAUC_mrr_max": 1.0,
        "nAUC_mrr_std": 1.0
      }
    ]
  },
  "task_name": "HC3Reranking"
}