{
  "dataset_revision": "11b15221dd850044dc2261ce633e692851c8b7e2",
  "evaluation_time": 11.86478304862976,
  "kg_co2_emissions": null,
  "mteb_version": "1.12.49",
  "scores": {
    "train": [
      {
        "hf_subset": "default",
        "languages": [
          "eng-Latn"
        ],
        "main_score": 0.24965,
        "map_at_1": 0.06775,
        "map_at_10": 0.1766,
        "map_at_100": 0.19005,
        "map_at_1000": 0.19076,
        "map_at_20": 0.18432,
        "map_at_3": 0.1246,
        "map_at_5": 0.15625,
        "mrr_at_1": 0.06954436450839328,
        "mrr_at_10": 0.17650118000837423,
        "mrr_at_100": 0.19030187761563327,
        "mrr_at_1000": 0.19102805764962416,
        "mrr_at_20": 0.18471942623041251,
        "mrr_at_3": 0.1238009592326139,
        "mrr_at_5": 0.15683453237410072,
        "nauc_map_at_1000_diff1": 0.05475565999236043,
        "nauc_map_at_1000_max": 0.14467054306950985,
        "nauc_map_at_1000_std": 0.05767665003237379,
        "nauc_map_at_100_diff1": 0.05474681156828499,
        "nauc_map_at_100_max": 0.14520642135799078,
        "nauc_map_at_100_std": 0.058285115967536494,
        "nauc_map_at_10_diff1": 0.056790695391696296,
        "nauc_map_at_10_max": 0.13680678973464222,
        "nauc_map_at_10_std": 0.043220886177075236,
        "nauc_map_at_1_diff1": 0.10685672479445674,
        "nauc_map_at_1_max": 0.1060858321626772,
        "nauc_map_at_1_std": 0.04691721536760274,
        "nauc_map_at_20_diff1": 0.05684606514857895,
        "nauc_map_at_20_max": 0.14253732163475927,
        "nauc_map_at_20_std": 0.054753968465065694,
        "nauc_map_at_3_diff1": 0.04942959457837928,
        "nauc_map_at_3_max": 0.10397458695474235,
        "nauc_map_at_3_std": 0.03711751791035326,
        "nauc_map_at_5_diff1": 0.056432307399989216,
        "nauc_map_at_5_max": 0.13453420346598718,
        "nauc_map_at_5_std": 0.03861260463457799,
        "nauc_mrr_at_1000_diff1": 0.03568450153811249,
        "nauc_mrr_at_1000_max": 0.16656330084768803,
        "nauc_mrr_at_1000_std": 0.052075383774336494,
        "nauc_mrr_at_100_diff1": 0.03569846496636891,
        "nauc_mrr_at_100_max": 0.16692200339693272,
        "nauc_mrr_at_100_std": 0.052664273163095694,
        "nauc_mrr_at_10_diff1": 0.03671594172882643,
        "nauc_mrr_at_10_max": 0.16055718503556407,
        "nauc_mrr_at_10_std": 0.04213125444188761,
        "nauc_mrr_at_1_diff1": 0.042599614409493954,
        "nauc_mrr_at_1_max": 0.12823387296423358,
        "nauc_mrr_at_1_std": 0.029629168819771633,
        "nauc_mrr_at_20_diff1": 0.03797901021323758,
        "nauc_mrr_at_20_max": 0.16429466111920962,
        "nauc_mrr_at_20_std": 0.049322389736444636,
        "nauc_mrr_at_3_diff1": 0.02467578737217317,
        "nauc_mrr_at_3_max": 0.13859890730200794,
        "nauc_mrr_at_3_std": 0.034611511864982604,
        "nauc_mrr_at_5_diff1": 0.0437274980180273,
        "nauc_mrr_at_5_max": 0.1516424070203211,
        "nauc_mrr_at_5_std": 0.02812169912617743,
        "nauc_ndcg_at_1000_diff1": 0.04631797468524943,
        "nauc_ndcg_at_1000_max": 0.17510702594014863,
        "nauc_ndcg_at_1000_std": 0.08836418725682547,
        "nauc_ndcg_at_100_diff1": 0.04282840748928936,
        "nauc_ndcg_at_100_max": 0.192296269954463,
        "nauc_ndcg_at_100_std": 0.10866217829603433,
        "nauc_ndcg_at_10_diff1": 0.05032218902733267,
        "nauc_ndcg_at_10_max": 0.15556376179369896,
        "nauc_ndcg_at_10_std": 0.04698536518644021,
        "nauc_ndcg_at_1_diff1": 0.10685672479445674,
        "nauc_ndcg_at_1_max": 0.1060858321626772,
        "nauc_ndcg_at_1_std": 0.04691721536760274,
        "nauc_ndcg_at_20_diff1": 0.049761316270280895,
        "nauc_ndcg_at_20_max": 0.17397359883160254,
        "nauc_ndcg_at_20_std": 0.08274269586710899,
        "nauc_ndcg_at_3_diff1": 0.03867368643491036,
        "nauc_ndcg_at_3_max": 0.10471973092818226,
        "nauc_ndcg_at_3_std": 0.03514647539193113,
        "nauc_ndcg_at_5_diff1": 0.04994025350178926,
        "nauc_ndcg_at_5_max": 0.15191625391070265,
        "nauc_ndcg_at_5_std": 0.037433800882804305,
        "nauc_precision_at_1000_diff1": 0.022246129765234275,
        "nauc_precision_at_1000_max": 0.7184682862592303,
        "nauc_precision_at_1000_std": 0.7803088875650399,
        "nauc_precision_at_100_diff1": 0.001313825628593508,
        "nauc_precision_at_100_max": 0.4168566861969985,
        "nauc_precision_at_100_std": 0.3811808380344873,
        "nauc_precision_at_10_diff1": 0.03976520672829924,
        "nauc_precision_at_10_max": 0.19229873721323265,
        "nauc_precision_at_10_std": 0.05597815581885319,
        "nauc_precision_at_1_diff1": 0.10685672479445674,
        "nauc_precision_at_1_max": 0.1060858321626772,
        "nauc_precision_at_1_std": 0.04691721536760274,
        "nauc_precision_at_20_diff1": 0.03610097691984407,
        "nauc_precision_at_20_max": 0.24966484142352827,
        "nauc_precision_at_20_std": 0.1602363477485264,
        "nauc_precision_at_3_diff1": 0.01799404963707505,
        "nauc_precision_at_3_max": 0.10639785218224902,
        "nauc_precision_at_3_std": 0.03132770556694906,
        "nauc_precision_at_5_diff1": 0.0395248502735111,
        "nauc_precision_at_5_max": 0.18583162333386907,
        "nauc_precision_at_5_std": 0.035490120606710134,
        "nauc_recall_at_1000_diff1": 0.022246129765241384,
        "nauc_recall_at_1000_max": 0.718468286259225,
        "nauc_recall_at_1000_std": 0.7803088875650336,
        "nauc_recall_at_100_diff1": 0.001313825628593369,
        "nauc_recall_at_100_max": 0.41685668619699795,
        "nauc_recall_at_100_std": 0.3811808380344863,
        "nauc_recall_at_10_diff1": 0.039765206728299,
        "nauc_recall_at_10_max": 0.1922987372132328,
        "nauc_recall_at_10_std": 0.05597815581885313,
        "nauc_recall_at_1_diff1": 0.10685672479445674,
        "nauc_recall_at_1_max": 0.1060858321626772,
        "nauc_recall_at_1_std": 0.04691721536760274,
        "nauc_recall_at_20_diff1": 0.0361009769198441,
        "nauc_recall_at_20_max": 0.24966484142352907,
        "nauc_recall_at_20_std": 0.16023634774852644,
        "nauc_recall_at_3_diff1": 0.017994049637075193,
        "nauc_recall_at_3_max": 0.10639785218224913,
        "nauc_recall_at_3_std": 0.03132770556694904,
        "nauc_recall_at_5_diff1": 0.03952485027351116,
        "nauc_recall_at_5_max": 0.18583162333386893,
        "nauc_recall_at_5_std": 0.035490120606710016,
        "ndcg_at_1": 0.06775,
        "ndcg_at_10": 0.24965,
        "ndcg_at_100": 0.31806,
        "ndcg_at_1000": 0.33864,
        "ndcg_at_20": 0.27773,
        "ndcg_at_3": 0.14468,
        "ndcg_at_5": 0.20223,
        "precision_at_1": 0.06775,
        "precision_at_10": 0.04868,
        "precision_at_100": 0.00813,
        "precision_at_1000": 0.00098,
        "precision_at_20": 0.02989,
        "precision_at_3": 0.06775,
        "precision_at_5": 0.06882,
        "recall_at_1": 0.06775,
        "recall_at_10": 0.48681,
        "recall_at_100": 0.81295,
        "recall_at_1000": 0.97842,
        "recall_at_20": 0.59772,
        "recall_at_3": 0.20324,
        "recall_at_5": 0.34412
      }
    ]
  },
  "task_name": "TATQARetrieval"
}