{
  "dataset_revision": "c33ce9ced2224b9c6d9e425196edc36f53400ec1",
  "evaluation_time": 4.730073928833008,
  "kg_co2_emissions": null,
  "mteb_version": "1.12.49",
  "scores": {
    "train": [
      {
        "hf_subset": "default",
        "languages": [
          "eng-Latn"
        ],
        "main_score": 0.41743,
        "map_at_1": 0.24868,
        "map_at_10": 0.35981,
        "map_at_100": 0.36934,
        "map_at_1000": 0.36998,
        "map_at_20": 0.3655,
        "map_at_3": 0.33058,
        "map_at_5": 0.34734,
        "mrr_at_1": 0.25,
        "mrr_at_10": 0.36008886579323085,
        "mrr_at_100": 0.3697336461090696,
        "mrr_at_1000": 0.3703723840303535,
        "mrr_at_20": 0.3658845927631403,
        "mrr_at_3": 0.33112874779541446,
        "mrr_at_5": 0.3478615520282187,
        "nauc_map_at_1000_diff1": 0.3605029217983619,
        "nauc_map_at_1000_max": 0.3687694656691415,
        "nauc_map_at_1000_std": 0.10448400226000319,
        "nauc_map_at_100_diff1": 0.3601677026502817,
        "nauc_map_at_100_max": 0.36895235485609407,
        "nauc_map_at_100_std": 0.10501064075650886,
        "nauc_map_at_10_diff1": 0.3611164643982515,
        "nauc_map_at_10_max": 0.366847880706627,
        "nauc_map_at_10_std": 0.10109467707110305,
        "nauc_map_at_1_diff1": 0.42493776949730433,
        "nauc_map_at_1_max": 0.3461555858769988,
        "nauc_map_at_1_std": 0.05938516064126065,
        "nauc_map_at_20_diff1": 0.36023161032103845,
        "nauc_map_at_20_max": 0.36845123228853877,
        "nauc_map_at_20_std": 0.10384139160916785,
        "nauc_map_at_3_diff1": 0.36735531031321617,
        "nauc_map_at_3_max": 0.3603243305002939,
        "nauc_map_at_3_std": 0.08526929570629771,
        "nauc_map_at_5_diff1": 0.35987824313307887,
        "nauc_map_at_5_max": 0.36144972755175314,
        "nauc_map_at_5_std": 0.09194058456162867,
        "nauc_mrr_at_1000_diff1": 0.35919558609199137,
        "nauc_mrr_at_1000_max": 0.3725467484013855,
        "nauc_mrr_at_1000_std": 0.10997670177386232,
        "nauc_mrr_at_100_diff1": 0.35886310158450374,
        "nauc_mrr_at_100_max": 0.3727226777721386,
        "nauc_mrr_at_100_std": 0.11049293563840351,
        "nauc_mrr_at_10_diff1": 0.35959114610376963,
        "nauc_mrr_at_10_max": 0.37055296991747183,
        "nauc_mrr_at_10_std": 0.10650670144586553,
        "nauc_mrr_at_1_diff1": 0.41977057056277406,
        "nauc_mrr_at_1_max": 0.35143697649459804,
        "nauc_mrr_at_1_std": 0.0677490944990432,
        "nauc_mrr_at_20_diff1": 0.35893811183265845,
        "nauc_mrr_at_20_max": 0.3721919158676333,
        "nauc_mrr_at_20_std": 0.10928054932867182,
        "nauc_mrr_at_3_diff1": 0.3659100149931835,
        "nauc_mrr_at_3_max": 0.3649464899133965,
        "nauc_mrr_at_3_std": 0.09134651547714245,
        "nauc_mrr_at_5_diff1": 0.3582842161108832,
        "nauc_mrr_at_5_max": 0.36573343828554933,
        "nauc_mrr_at_5_std": 0.0984677165564764,
        "nauc_ndcg_at_1000_diff1": 0.3466880280188294,
        "nauc_ndcg_at_1000_max": 0.38264992830812905,
        "nauc_ndcg_at_1000_std": 0.13125508587356244,
        "nauc_ndcg_at_100_diff1": 0.33700608516948677,
        "nauc_ndcg_at_100_max": 0.3906350308646152,
        "nauc_ndcg_at_100_std": 0.14932386577165585,
        "nauc_ndcg_at_10_diff1": 0.34102475604354826,
        "nauc_ndcg_at_10_max": 0.38009309102018246,
        "nauc_ndcg_at_10_std": 0.13013752826810654,
        "nauc_ndcg_at_1_diff1": 0.42493776949730433,
        "nauc_ndcg_at_1_max": 0.3461555858769988,
        "nauc_ndcg_at_1_std": 0.05938516064126065,
        "nauc_ndcg_at_20_diff1": 0.33739018678424615,
        "nauc_ndcg_at_20_max": 0.386908719096117,
        "nauc_ndcg_at_20_std": 0.142490317558957,
        "nauc_ndcg_at_3_diff1": 0.3523508599672296,
        "nauc_ndcg_at_3_max": 0.3652264017447747,
        "nauc_ndcg_at_3_std": 0.09588717953402948,
        "nauc_ndcg_at_5_diff1": 0.3389888182031368,
        "nauc_ndcg_at_5_max": 0.367428919323368,
        "nauc_ndcg_at_5_std": 0.1081326421824672,
        "nauc_precision_at_1000_diff1": 0.2840984643961564,
        "nauc_precision_at_1000_max": 0.8448270824581531,
        "nauc_precision_at_1000_std": 0.8045395316896966,
        "nauc_precision_at_100_diff1": 0.19265824081967187,
        "nauc_precision_at_100_max": 0.5590802890043036,
        "nauc_precision_at_100_std": 0.4832081971287353,
        "nauc_precision_at_10_diff1": 0.27944229852179725,
        "nauc_precision_at_10_max": 0.4255956945422723,
        "nauc_precision_at_10_std": 0.22983468949896452,
        "nauc_precision_at_1_diff1": 0.42493776949730433,
        "nauc_precision_at_1_max": 0.3461555858769988,
        "nauc_precision_at_1_std": 0.05938516064126065,
        "nauc_precision_at_20_diff1": 0.2526873335790389,
        "nauc_precision_at_20_max": 0.46603393020814915,
        "nauc_precision_at_20_std": 0.3072016702079686,
        "nauc_precision_at_3_diff1": 0.31216131525744434,
        "nauc_precision_at_3_max": 0.3787650653946514,
        "nauc_precision_at_3_std": 0.12563454382290523,
        "nauc_precision_at_5_diff1": 0.27969124722870187,
        "nauc_precision_at_5_max": 0.38469062667508996,
        "nauc_precision_at_5_std": 0.15598267370689237,
        "nauc_recall_at_1000_diff1": 0.284098464396174,
        "nauc_recall_at_1000_max": 0.8448270824581536,
        "nauc_recall_at_1000_std": 0.8045395316896942,
        "nauc_recall_at_100_diff1": 0.19265824081967178,
        "nauc_recall_at_100_max": 0.5590802890043043,
        "nauc_recall_at_100_std": 0.4832081971287357,
        "nauc_recall_at_10_diff1": 0.27944229852179775,
        "nauc_recall_at_10_max": 0.4255956945422727,
        "nauc_recall_at_10_std": 0.22983468949896468,
        "nauc_recall_at_1_diff1": 0.42493776949730433,
        "nauc_recall_at_1_max": 0.3461555858769988,
        "nauc_recall_at_1_std": 0.05938516064126065,
        "nauc_recall_at_20_diff1": 0.2526873335790395,
        "nauc_recall_at_20_max": 0.4660339302081501,
        "nauc_recall_at_20_std": 0.30720167020796907,
        "nauc_recall_at_3_diff1": 0.3121613152574445,
        "nauc_recall_at_3_max": 0.3787650653946513,
        "nauc_recall_at_3_std": 0.12563454382290554,
        "nauc_recall_at_5_diff1": 0.2796912472287021,
        "nauc_recall_at_5_max": 0.3846906266750897,
        "nauc_recall_at_5_std": 0.15598267370689264,
        "ndcg_at_1": 0.24868,
        "ndcg_at_10": 0.41743,
        "ndcg_at_100": 0.46708,
        "ndcg_at_1000": 0.48544,
        "ndcg_at_20": 0.4386,
        "ndcg_at_3": 0.35727,
        "ndcg_at_5": 0.3875,
        "precision_at_1": 0.24868,
        "precision_at_10": 0.05999,
        "precision_at_100": 0.00839,
        "precision_at_1000": 0.00099,
        "precision_at_20": 0.03423,
        "precision_at_3": 0.14484,
        "precision_at_5": 0.10159,
        "recall_at_1": 0.24868,
        "recall_at_10": 0.59987,
        "recall_at_100": 0.83929,
        "recall_at_1000": 0.98677,
        "recall_at_20": 0.68452,
        "recall_at_3": 0.43452,
        "recall_at_5": 0.50794
      }
    ]
  },
  "task_name": "TheGoldmanEnRetrieval"
}