{
  "dataset_revision": "7fa70ba6624011d65a311df86193b4b5587969bc",
  "evaluation_time": 47.01439571380615,
  "kg_co2_emissions": null,
  "mteb_version": "1.12.49",
  "scores": {
    "train": [
      {
        "hf_subset": "default",
        "languages": [
          "eng-Latn"
        ],
        "main_score": 0.98849,
        "map_at_1": 0.97197,
        "map_at_10": 0.98468,
        "map_at_100": 0.9847,
        "map_at_1000": 0.9847,
        "map_at_20": 0.98469,
        "map_at_3": 0.98427,
        "map_at_5": 0.98463,
        "mrr_at_1": 0.971965871495734,
        "mrr_at_10": 0.9846760307233927,
        "mrr_at_100": 0.9846963899567068,
        "mrr_at_1000": 0.9846963899567068,
        "mrr_at_20": 0.9846894249558362,
        "mrr_at_3": 0.9842707063671717,
        "mrr_at_5": 0.9846276626617911,
        "nauc_map_at_1000_diff1": 0.9614923307217093,
        "nauc_map_at_1000_max": 0.5335232864992228,
        "nauc_map_at_1000_std": -0.33506579041626067,
        "nauc_map_at_100_diff1": 0.9614923307217093,
        "nauc_map_at_100_max": 0.5335232864992228,
        "nauc_map_at_100_std": -0.33506579041626067,
        "nauc_map_at_10_diff1": 0.9614292405523592,
        "nauc_map_at_10_max": 0.5340836311006785,
        "nauc_map_at_10_std": -0.33537530646095043,
        "nauc_map_at_1_diff1": 0.9633771954732738,
        "nauc_map_at_1_max": 0.510104377410484,
        "nauc_map_at_1_std": -0.33107089817157054,
        "nauc_map_at_20_diff1": 0.96150984841449,
        "nauc_map_at_20_max": 0.5336760309859669,
        "nauc_map_at_20_std": -0.33466127536253804,
        "nauc_map_at_3_diff1": 0.9618081434041927,
        "nauc_map_at_3_max": 0.5415443855592245,
        "nauc_map_at_3_std": -0.3385914907079132,
        "nauc_map_at_5_diff1": 0.9615506009432959,
        "nauc_map_at_5_max": 0.535549606712347,
        "nauc_map_at_5_std": -0.3386841171338532,
        "nauc_mrr_at_1000_diff1": 0.9614923307217093,
        "nauc_mrr_at_1000_max": 0.5335232864992228,
        "nauc_mrr_at_1000_std": -0.33506579041626067,
        "nauc_mrr_at_100_diff1": 0.9614923307217093,
        "nauc_mrr_at_100_max": 0.5335232864992228,
        "nauc_mrr_at_100_std": -0.33506579041626067,
        "nauc_mrr_at_10_diff1": 0.9614292405523592,
        "nauc_mrr_at_10_max": 0.5340836311006785,
        "nauc_mrr_at_10_std": -0.33537530646095043,
        "nauc_mrr_at_1_diff1": 0.9633771954732738,
        "nauc_mrr_at_1_max": 0.510104377410484,
        "nauc_mrr_at_1_std": -0.33107089817157054,
        "nauc_mrr_at_20_diff1": 0.96150984841449,
        "nauc_mrr_at_20_max": 0.5336760309859669,
        "nauc_mrr_at_20_std": -0.33466127536253804,
        "nauc_mrr_at_3_diff1": 0.9618081434041927,
        "nauc_mrr_at_3_max": 0.5415443855592245,
        "nauc_mrr_at_3_std": -0.3385914907079132,
        "nauc_mrr_at_5_diff1": 0.9615506009432959,
        "nauc_mrr_at_5_max": 0.535549606712347,
        "nauc_mrr_at_5_std": -0.3386841171338532,
        "nauc_ndcg_at_1000_diff1": 0.9610484090215383,
        "nauc_ndcg_at_1000_max": 0.537594720017984,
        "nauc_ndcg_at_1000_std": -0.33090876476912257,
        "nauc_ndcg_at_100_diff1": 0.9610484090215383,
        "nauc_ndcg_at_100_max": 0.537594720017984,
        "nauc_ndcg_at_100_std": -0.33090876476912257,
        "nauc_ndcg_at_10_diff1": 0.9608092438354028,
        "nauc_ndcg_at_10_max": 0.5404987415818336,
        "nauc_ndcg_at_10_std": -0.331320932799317,
        "nauc_ndcg_at_1_diff1": 0.9633771954732738,
        "nauc_ndcg_at_1_max": 0.510104377410484,
        "nauc_ndcg_at_1_std": -0.33107089817157054,
        "nauc_ndcg_at_20_diff1": 0.961174236414939,
        "nauc_ndcg_at_20_max": 0.5386662084825372,
        "nauc_ndcg_at_20_std": -0.3280497266517736,
        "nauc_ndcg_at_3_diff1": 0.9617078560168937,
        "nauc_ndcg_at_3_max": 0.5583333034256649,
        "nauc_ndcg_at_3_std": -0.3423588328598799,
        "nauc_ndcg_at_5_diff1": 0.9611949620628505,
        "nauc_ndcg_at_5_max": 0.5450211858584224,
        "nauc_ndcg_at_5_std": -0.3420469190587099,
        "nauc_precision_at_1000_diff1": 0.8692886324580037,
        "nauc_precision_at_1000_max": 1.0,
        "nauc_precision_at_1000_std": 1.0,
        "nauc_precision_at_100_diff1": 0.8692886324578505,
        "nauc_precision_at_100_max": 1.0,
        "nauc_precision_at_100_std": 1.0,
        "nauc_precision_at_10_diff1": 0.9128590883057233,
        "nauc_precision_at_10_max": 0.9564295441528616,
        "nauc_precision_at_10_std": 0.13419372532722043,
        "nauc_precision_at_1_diff1": 0.9633771954732738,
        "nauc_precision_at_1_max": 0.510104377410484,
        "nauc_precision_at_1_std": -0.33107089817157054,
        "nauc_precision_at_20_diff1": 0.9346443162288747,
        "nauc_precision_at_20_max": 0.9346443162288747,
        "nauc_precision_at_20_std": 0.7770727984179763,
        "nauc_precision_at_3_diff1": 0.9614853049585456,
        "nauc_precision_at_3_max": 0.8604457137803,
        "nauc_precision_at_3_std": -0.4096178878866442,
        "nauc_precision_at_5_diff1": 0.9477154529832628,
        "nauc_precision_at_5_max": 0.9738577264915376,
        "nauc_precision_at_5_std": -0.4978180799781058,
        "nauc_recall_at_1000_diff1": 0.8692886324583892,
        "nauc_recall_at_1000_max": 1.0,
        "nauc_recall_at_1000_std": 1.0,
        "nauc_recall_at_100_diff1": 0.8692886324583892,
        "nauc_recall_at_100_max": 1.0,
        "nauc_recall_at_100_std": 1.0,
        "nauc_recall_at_10_diff1": 0.9128590883055928,
        "nauc_recall_at_10_max": 0.9564295441527964,
        "nauc_recall_at_10_std": 0.13419372532741633,
        "nauc_recall_at_1_diff1": 0.9633771954732738,
        "nauc_recall_at_1_max": 0.510104377410484,
        "nauc_recall_at_1_std": -0.33107089817157054,
        "nauc_recall_at_20_diff1": 0.9346443162291946,
        "nauc_recall_at_20_max": 0.9346443162291946,
        "nauc_recall_at_20_std": 0.7770727984180694,
        "nauc_recall_at_3_diff1": 0.9614853049586259,
        "nauc_recall_at_3_max": 0.8604457137803804,
        "nauc_recall_at_3_std": -0.40961788788659065,
        "nauc_recall_at_5_diff1": 0.9477154529833636,
        "nauc_recall_at_5_max": 0.9738577264916818,
        "nauc_recall_at_5_std": -0.49781807997799277,
        "ndcg_at_1": 0.97197,
        "ndcg_at_10": 0.98849,
        "ndcg_at_100": 0.98857,
        "ndcg_at_1000": 0.98857,
        "ndcg_at_20": 0.98853,
        "ndcg_at_3": 0.98773,
        "ndcg_at_5": 0.98837,
        "precision_at_1": 0.97197,
        "precision_at_10": 0.09995,
        "precision_at_100": 0.01,
        "precision_at_1000": 0.001,
        "precision_at_20": 0.04998,
        "precision_at_3": 0.33252,
        "precision_at_5": 0.19983,
        "recall_at_1": 0.97197,
        "recall_at_10": 0.99948,
        "recall_at_100": 0.99983,
        "recall_at_1000": 0.99983,
        "recall_at_20": 0.99965,
        "recall_at_3": 0.99756,
        "recall_at_5": 0.99913
      }
    ]
  },
  "task_name": "TradeTheEventEncyclopediaRetrieval"
}