{
  "dataset_revision": "9d499d833355b8ef1810073e5f2aa174d743d4d0",
  "evaluation_time": 83.60716652870178,
  "kg_co2_emissions": null,
  "mteb_version": "1.12.49",
  "scores": {
    "train": [
      {
        "hf_subset": "default",
        "languages": [
          "eng-Latn"
        ],
        "main_score": 0.9567,
        "map_at_1": 0.936,
        "map_at_10": 0.95084,
        "map_at_100": 0.95151,
        "map_at_1000": 0.95155,
        "map_at_20": 0.95124,
        "map_at_3": 0.94893,
        "map_at_5": 0.94998,
        "mrr_at_1": 0.936,
        "mrr_at_10": 0.9508425396825396,
        "mrr_at_100": 0.9515132220731397,
        "mrr_at_1000": 0.9515484948266542,
        "mrr_at_20": 0.9512385382608447,
        "mrr_at_3": 0.9489333333333334,
        "mrr_at_5": 0.9499833333333334,
        "nauc_map_at_1000_diff1": 0.9811969656259873,
        "nauc_map_at_1000_max": 0.7769698541460052,
        "nauc_map_at_1000_std": -0.5874673514666106,
        "nauc_map_at_100_diff1": 0.9811994680090708,
        "nauc_map_at_100_max": 0.7771132621557223,
        "nauc_map_at_100_std": -0.587149488514827,
        "nauc_map_at_10_diff1": 0.9812641174419227,
        "nauc_map_at_10_max": 0.7776238674434685,
        "nauc_map_at_10_std": -0.5942095915169348,
        "nauc_map_at_1_diff1": 0.9785210959383746,
        "nauc_map_at_1_max": 0.7254303804855253,
        "nauc_map_at_1_std": -0.5741312149859941,
        "nauc_map_at_20_diff1": 0.9812103875772189,
        "nauc_map_at_20_max": 0.7774245178281759,
        "nauc_map_at_20_std": -0.5896190871798634,
        "nauc_map_at_3_diff1": 0.9810691247778467,
        "nauc_map_at_3_max": 0.7791698054330525,
        "nauc_map_at_3_std": -0.6034772046329424,
        "nauc_map_at_5_diff1": 0.9812662819209677,
        "nauc_map_at_5_max": 0.778639924258056,
        "nauc_map_at_5_std": -0.5988411737015178,
        "nauc_mrr_at_1000_diff1": 0.9811969656259873,
        "nauc_mrr_at_1000_max": 0.7769698541460052,
        "nauc_mrr_at_1000_std": -0.5874673514666106,
        "nauc_mrr_at_100_diff1": 0.9811994680090708,
        "nauc_mrr_at_100_max": 0.7771132621557223,
        "nauc_mrr_at_100_std": -0.587149488514827,
        "nauc_mrr_at_10_diff1": 0.9812641174419227,
        "nauc_mrr_at_10_max": 0.7776238674434685,
        "nauc_mrr_at_10_std": -0.5942095915169348,
        "nauc_mrr_at_1_diff1": 0.9785210959383746,
        "nauc_mrr_at_1_max": 0.7254303804855253,
        "nauc_mrr_at_1_std": -0.5741312149859941,
        "nauc_mrr_at_20_diff1": 0.9812103875772189,
        "nauc_mrr_at_20_max": 0.7774245178281759,
        "nauc_mrr_at_20_std": -0.5896190871798634,
        "nauc_mrr_at_3_diff1": 0.9810691247778467,
        "nauc_mrr_at_3_max": 0.7791698054330525,
        "nauc_mrr_at_3_std": -0.6034772046329424,
        "nauc_mrr_at_5_diff1": 0.9812662819209677,
        "nauc_mrr_at_5_max": 0.778639924258056,
        "nauc_mrr_at_5_std": -0.5988411737015178,
        "nauc_ndcg_at_1000_diff1": 0.9818905407025226,
        "nauc_ndcg_at_1000_max": 0.7885471480258185,
        "nauc_ndcg_at_1000_std": -0.5657094547209146,
        "nauc_ndcg_at_100_diff1": 0.9820341472816936,
        "nauc_ndcg_at_100_max": 0.7928608760527431,
        "nauc_ndcg_at_100_std": -0.5518981199525989,
        "nauc_ndcg_at_10_diff1": 0.982440731141558,
        "nauc_ndcg_at_10_max": 0.7958980090740942,
        "nauc_ndcg_at_10_std": -0.5933399649587481,
        "nauc_ndcg_at_1_diff1": 0.9785210959383746,
        "nauc_ndcg_at_1_max": 0.7254303804855253,
        "nauc_ndcg_at_1_std": -0.5741312149859941,
        "nauc_ndcg_at_20_diff1": 0.9822524233002032,
        "nauc_ndcg_at_20_max": 0.7956991340587728,
        "nauc_ndcg_at_20_std": -0.5741381133313966,
        "nauc_ndcg_at_3_diff1": 0.9820138687067844,
        "nauc_ndcg_at_3_max": 0.7981003176470641,
        "nauc_ndcg_at_3_std": -0.6152381669424477,
        "nauc_ndcg_at_5_diff1": 0.9824464460770953,
        "nauc_ndcg_at_5_max": 0.797763805402484,
        "nauc_ndcg_at_5_std": -0.6066048630688801,
        "nauc_precision_at_1000_diff1": 0.994316567206571,
        "nauc_precision_at_1000_max": 1.0,
        "nauc_precision_at_1000_std": 0.8455730118134025,
        "nauc_precision_at_100_diff1": 0.9902297688834932,
        "nauc_precision_at_100_max": 0.9787750151607032,
        "nauc_precision_at_100_std": 0.2529334757958383,
        "nauc_precision_at_10_diff1": 0.9889352066285877,
        "nauc_precision_at_10_max": 0.8939323761000485,
        "nauc_precision_at_10_std": -0.5746524331517443,
        "nauc_precision_at_1_diff1": 0.9785210959383746,
        "nauc_precision_at_1_max": 0.7254303804855253,
        "nauc_precision_at_1_std": -0.5741312149859941,
        "nauc_precision_at_20_diff1": 0.9891892784049597,
        "nauc_precision_at_20_max": 0.9200831847890693,
        "nauc_precision_at_20_std": -0.41008827773533035,
        "nauc_precision_at_3_diff1": 0.9857641686811744,
        "nauc_precision_at_3_max": 0.87277924868578,
        "nauc_precision_at_3_std": -0.6623396390519725,
        "nauc_precision_at_5_diff1": 0.9878221728943173,
        "nauc_precision_at_5_max": 0.8824101967831213,
        "nauc_precision_at_5_std": -0.6396713821797089,
        "nauc_recall_at_1000_diff1": 0.9943165672066124,
        "nauc_recall_at_1000_max": 1.0,
        "nauc_recall_at_1000_std": 0.8455730118133861,
        "nauc_recall_at_100_diff1": 0.9902297688835017,
        "nauc_recall_at_100_max": 0.9787750151607124,
        "nauc_recall_at_100_std": 0.25293347579581327,
        "nauc_recall_at_10_diff1": 0.9889352066285827,
        "nauc_recall_at_10_max": 0.8939323761000456,
        "nauc_recall_at_10_std": -0.5746524331517404,
        "nauc_recall_at_1_diff1": 0.9785210959383746,
        "nauc_recall_at_1_max": 0.7254303804855253,
        "nauc_recall_at_1_std": -0.5741312149859941,
        "nauc_recall_at_20_diff1": 0.9891892784049664,
        "nauc_recall_at_20_max": 0.9200831847890714,
        "nauc_recall_at_20_std": -0.41008827773533424,
        "nauc_recall_at_3_diff1": 0.9857641686811709,
        "nauc_recall_at_3_max": 0.8727792486857748,
        "nauc_recall_at_3_std": -0.6623396390519695,
        "nauc_recall_at_5_diff1": 0.9878221728943133,
        "nauc_recall_at_5_max": 0.8824101967831163,
        "nauc_recall_at_5_std": -0.6396713821797012,
        "ndcg_at_1": 0.936,
        "ndcg_at_10": 0.9567,
        "ndcg_at_100": 0.96003,
        "ndcg_at_1000": 0.96097,
        "ndcg_at_20": 0.95812,
        "ndcg_at_3": 0.95271,
        "ndcg_at_5": 0.95462,
        "precision_at_1": 0.936,
        "precision_at_10": 0.09746,
        "precision_at_100": 0.0099,
        "precision_at_1000": 0.001,
        "precision_at_20": 0.04901,
        "precision_at_3": 0.32117,
        "precision_at_5": 0.19364,
        "recall_at_1": 0.936,
        "recall_at_10": 0.9746,
        "recall_at_100": 0.9903,
        "recall_at_1000": 0.9977,
        "recall_at_20": 0.9802,
        "recall_at_3": 0.9635,
        "recall_at_5": 0.9682
      }
    ]
  },
  "task_name": "TradeTheEventNewsRetrieval"
}