{
  "dataset_revision": "dda970333494c509262e91d2b44d43430e985b3c",
  "evaluation_time": 63.199230670928955,
  "kg_co2_emissions": null,
  "mteb_version": "1.12.49",
  "scores": {
    "train": [
      {
        "hf_subset": "default",
        "languages": [
          "eng-Latn"
        ],
        "main_score": 0.88659,
        "map_at_1": 0.81498,
        "map_at_10": 0.86513,
        "map_at_100": 0.86666,
        "map_at_1000": 0.86671,
        "map_at_20": 0.86612,
        "map_at_3": 0.85705,
        "map_at_5": 0.86183,
        "mrr_at_1": 0.814981498149815,
        "mrr_at_10": 0.8651276238734984,
        "mrr_at_100": 0.8666650706504491,
        "mrr_at_1000": 0.8667074069298645,
        "mrr_at_20": 0.866123861577455,
        "mrr_at_3": 0.857052371903857,
        "mrr_at_5": 0.8618278494516117,
        "nauc_map_at_1000_diff1": 0.8681194941648557,
        "nauc_map_at_1000_max": 0.7331042769013439,
        "nauc_map_at_1000_std": -0.45760608718460466,
        "nauc_map_at_100_diff1": 0.8681018018922452,
        "nauc_map_at_100_max": 0.7331449907710655,
        "nauc_map_at_100_std": -0.4576052348091537,
        "nauc_map_at_10_diff1": 0.867676282427096,
        "nauc_map_at_10_max": 0.7333935874368819,
        "nauc_map_at_10_std": -0.45975989167125564,
        "nauc_map_at_1_diff1": 0.8837586000050579,
        "nauc_map_at_1_max": 0.7103120536008352,
        "nauc_map_at_1_std": -0.43942586823274155,
        "nauc_map_at_20_diff1": 0.8679514204901694,
        "nauc_map_at_20_max": 0.7334415331501737,
        "nauc_map_at_20_std": -0.45792691592361023,
        "nauc_map_at_3_diff1": 0.8662347174005035,
        "nauc_map_at_3_max": 0.7335955042975019,
        "nauc_map_at_3_std": -0.46200526922746976,
        "nauc_map_at_5_diff1": 0.8667243039812144,
        "nauc_map_at_5_max": 0.7338449746736261,
        "nauc_map_at_5_std": -0.4619786417414434,
        "nauc_mrr_at_1000_diff1": 0.8681226924803664,
        "nauc_mrr_at_1000_max": 0.7331067657324661,
        "nauc_mrr_at_1000_std": -0.45760341174140917,
        "nauc_mrr_at_100_diff1": 0.8681049991058887,
        "nauc_mrr_at_100_max": 0.7331474788647209,
        "nauc_mrr_at_100_std": -0.4576025602532173,
        "nauc_mrr_at_10_diff1": 0.867676282427096,
        "nauc_mrr_at_10_max": 0.7333935874368819,
        "nauc_mrr_at_10_std": -0.45975989167125564,
        "nauc_mrr_at_1_diff1": 0.8837586000050579,
        "nauc_mrr_at_1_max": 0.7103120536008352,
        "nauc_mrr_at_1_std": -0.43942586823274155,
        "nauc_mrr_at_20_diff1": 0.8679551549046127,
        "nauc_mrr_at_20_max": 0.7334445935125642,
        "nauc_mrr_at_20_std": -0.45792638701724747,
        "nauc_mrr_at_3_diff1": 0.8662347174005035,
        "nauc_mrr_at_3_max": 0.7335955042975019,
        "nauc_mrr_at_3_std": -0.46200526922746976,
        "nauc_mrr_at_5_diff1": 0.8667243039812144,
        "nauc_mrr_at_5_max": 0.7338449746736261,
        "nauc_mrr_at_5_std": -0.4619786417414434,
        "nauc_ndcg_at_1000_diff1": 0.8648198044160957,
        "nauc_ndcg_at_1000_max": 0.7379953740968983,
        "nauc_ndcg_at_1000_std": -0.4565429108422818,
        "nauc_ndcg_at_100_diff1": 0.8642186498832213,
        "nauc_ndcg_at_100_max": 0.7391096897265356,
        "nauc_ndcg_at_100_std": -0.456388774011994,
        "nauc_ndcg_at_10_diff1": 0.8617697010317218,
        "nauc_ndcg_at_10_max": 0.7413546742662984,
        "nauc_ndcg_at_10_std": -0.4658871475613759,
        "nauc_ndcg_at_1_diff1": 0.8837586000050579,
        "nauc_ndcg_at_1_max": 0.7103120536008352,
        "nauc_ndcg_at_1_std": -0.43942586823274155,
        "nauc_ndcg_at_20_diff1": 0.8627891462183268,
        "nauc_ndcg_at_20_max": 0.7417530672113132,
        "nauc_ndcg_at_20_std": -0.458381930779626,
        "nauc_ndcg_at_3_diff1": 0.8589946624030943,
        "nauc_ndcg_at_3_max": 0.741255198885577,
        "nauc_ndcg_at_3_std": -0.4710429212802883,
        "nauc_ndcg_at_5_diff1": 0.8594683264533444,
        "nauc_ndcg_at_5_max": 0.7423533691916149,
        "nauc_ndcg_at_5_std": -0.4715487523248256,
        "nauc_precision_at_1000_diff1": 0.7561295821958534,
        "nauc_precision_at_1000_max": 0.930889941307465,
        "nauc_precision_at_1000_std": 0.010349832580134834,
        "nauc_precision_at_100_diff1": 0.7933178503033425,
        "nauc_precision_at_100_max": 0.8627738318417381,
        "nauc_precision_at_100_std": -0.31311569943441225,
        "nauc_precision_at_10_diff1": 0.8184726528139612,
        "nauc_precision_at_10_max": 0.8005184966704074,
        "nauc_precision_at_10_std": -0.5075758188100699,
        "nauc_precision_at_1_diff1": 0.8837586000050579,
        "nauc_precision_at_1_max": 0.7103120536008352,
        "nauc_precision_at_1_std": -0.43942586823274155,
        "nauc_precision_at_20_diff1": 0.8129000281051583,
        "nauc_precision_at_20_max": 0.830100510447452,
        "nauc_precision_at_20_std": -0.43353491181256115,
        "nauc_precision_at_3_diff1": 0.8282273264165717,
        "nauc_precision_at_3_max": 0.7729166429465004,
        "nauc_precision_at_3_std": -0.5093172546330287,
        "nauc_precision_at_5_diff1": 0.8210928312477628,
        "nauc_precision_at_5_max": 0.7866891851860579,
        "nauc_precision_at_5_std": -0.5221882319937733,
        "nauc_recall_at_1000_diff1": 0.7561295821958997,
        "nauc_recall_at_1000_max": 0.9308899413074675,
        "nauc_recall_at_1000_std": 0.010349832580161112,
        "nauc_recall_at_100_diff1": 0.7933178503033378,
        "nauc_recall_at_100_max": 0.8627738318417395,
        "nauc_recall_at_100_std": -0.31311569943443446,
        "nauc_recall_at_10_diff1": 0.8184726528139595,
        "nauc_recall_at_10_max": 0.8005184966704079,
        "nauc_recall_at_10_std": -0.5075758188100713,
        "nauc_recall_at_1_diff1": 0.8837586000050579,
        "nauc_recall_at_1_max": 0.7103120536008352,
        "nauc_recall_at_1_std": -0.43942586823274155,
        "nauc_recall_at_20_diff1": 0.8129000281051645,
        "nauc_recall_at_20_max": 0.8301005104474513,
        "nauc_recall_at_20_std": -0.43353491181255127,
        "nauc_recall_at_3_diff1": 0.8282273264165705,
        "nauc_recall_at_3_max": 0.7729166429464992,
        "nauc_recall_at_3_std": -0.5093172546330297,
        "nauc_recall_at_5_diff1": 0.8210928312477614,
        "nauc_recall_at_5_max": 0.7866891851860558,
        "nauc_recall_at_5_std": -0.5221882319937665,
        "ndcg_at_1": 0.81498,
        "ndcg_at_10": 0.88659,
        "ndcg_at_100": 0.89413,
        "ndcg_at_1000": 0.89523,
        "ndcg_at_20": 0.89018,
        "ndcg_at_3": 0.87009,
        "ndcg_at_5": 0.87871,
        "precision_at_1": 0.81498,
        "precision_at_10": 0.09527,
        "precision_at_100": 0.00988,
        "precision_at_1000": 0.001,
        "precision_at_20": 0.04834,
        "precision_at_3": 0.30253,
        "precision_at_5": 0.18572,
        "recall_at_1": 0.81498,
        "recall_at_10": 0.9527,
        "recall_at_100": 0.9881,
        "recall_at_1000": 0.9967,
        "recall_at_20": 0.9668,
        "recall_at_3": 0.90759,
        "recall_at_5": 0.92859
      }
    ]
  },
  "task_name": "USNewsRetrieval"
}